{"stats":{"minecraft:killed_by":{"minecraft:pillager":1},"minecraft:mined":{"minecraft:spruce_planks":6,"iceandfire:myrmex_resin_desert":1,"irons_spellbooks:armor_pile":2,"sophisticatedbackpacks:gold_backpack":1,"minecraft:jungle_leaves":1,"minecraft:orange_wool":2,"minecraft:brewing_stand":1,"minecraft:obsidian":21,"minecraft:granite":13,"minecraft:red_sand":11,"minecraft:acacia_log":2,"minecraft:grass_block":5,"minecraft:cracked_polished_blackstone_bricks":2,"minecraft:nether_wart":28,"minecraft:spawner":42,"minecraft:polished_blackstone_bricks":30,"minecraft:orange_concrete":23,"minecraft:magma_block":2,"supplementaries:ash":1,"minecraft:iron_ore":22,"minecraft:fire":5,"minecraft:anvil":2,"iceandfire:gold_pile":123,"minecraft:smooth_sandstone_stairs":3,"minecraft:player_head":2,"minecraft:deepslate_redstone_ore":4,"minecraft:cut_sandstone":2,"minecraft:blackstone":53,"bloomingnature:barrel_cactus":1,"minecraft:crimson_nylium":12,"minecraft:soul_fire":2,"minecraft:orange_terracotta":28,"minecraft:melon":11,"realmrpg_skeletons:duelist_skeleton":1,"minecraft:dead_bush":2,"farmersdelight:cabbages":1,"minecraft:nether_quartz_ore":79,"minecraft:cobblestone":9,"minecraft:sugar_cane":7,"minecraft:bricks":9,"minecraft:wall_torch":5,"minecraft:cauldron":2,"minecraft:white_terracotta":1,"minecraft:yellow_wool":3,"minecraft:wheat":5,"minecraft:jukebox":1,"minecraft:stone_brick_stairs":1,"minecraft:grass":4,"minecraft:oak_log":18,"minecraft:sand":47,"minecraft:dirt":1,"minecraft:netherrack":2558,"minecraft:yellow_stained_glass":2,"minecraft:oak_leaves":40,"minecraft:magenta_wool":1,"minecraft:deepslate":54,"minecraft:nether_gold_ore":33,"minecraft:red_carpet":5,"minecraft:crying_obsidian":3,"minecraft:tuff":3,"iceandfire:silver_ore":15,"minecraft:deepslate_diamond_ore":11,"minecraft:orange_concrete_powder":2,"born_in_chaos_v1:infected_diamond_ore":2,"minecraft:dark_oak_fence":2,"minecraft:nether_bricks":49,"gravestone:gravestone":16,"minecraft:jungle_planks":3,"born_in_chaos_v1:black_argillite":17,"minecraft:crimson_roots":2,"minecraft:magenta_concrete":11,"farmersdelight:tomatoes":4,"minecraft:yellow_concrete_powder":1,"iceandfire:chared_dirt":1,"minecraft:sandstone":34,"historic_firearms:nether_flint_ore":6,"minecraft:furnace":1,"minecraft:andesite":82,"minecraft:bookshelf":14,"minecraft:deepslate_iron_ore":2,"minecraft:cyan_concrete":4,"minecraft:magenta_concrete_powder":4,"irons_spellbooks:inscription_table":2,"minecraft:stone":394,"bloomingnature:slate":1,"minecraft:acacia_leaves":1,"minecraft:soul_sand":5,"minecraft:red_wool":1,"minecraft:basalt":153,"minecraft:crafting_table":8,"minecraft:smooth_sandstone":10,"minecraft:cyan_concrete_powder":1,"minecraft:tall_grass":2,"minecraft:copper_ore":26,"minecraft:lapis_ore":8,"minecraft:red_concrete":4,"minecraft:diorite":18,"supplementaries:urn":7,"minecraft:spruce_stairs":1,"minecraft:birch_planks":9,"bloomingnature:sand":3,"minecraft:birch_leaves":1,"minecraft:coal_ore":82,"minecraft:yellow_concrete":4,"minecraft:gravel":5,"minecraft:brown_terracotta":6,"minecraft:terracotta":15,"minecraft:stone_bricks":2,"minecraft:gold_ore":50},"minecraft:dropped":{"minecraft:iron_sword":2,"minecraft:porkchop":6,"minecraft:birch_planks":1,"minecraft:golden_pickaxe":1,"irons_spellbooks:concentration_amulet":1,"minecraft:cooked_beef":4,"minecraft:glass_bottle":1,"alexsmobs:kangaroo_meat":3,"minecraft:cooked_porkchop":39,"minecraft:crossbow":1,"relics:infinity_ham":3,"crossbowverhaul:bolt_gold":33,"artifacts:cloud_in_a_bottle":2,"minecraft:leather":6,"minecraft:jungle_planks":2,"relics:horse_flute":1,"born_in_chaos_v1:pieceofdarkmetal":15,"xpbook:xp_tome":2,"born_in_chaos_v1:nightmare_claw":3,"minecraft:emerald":15,"minecraft:red_carpet":4,"sophisticatedbackpacks:gold_backpack":2,"paraglider:spirit_orb":3,"artifacts:night_vision_goggles":1,"born_in_chaos_v1:monster_flesh":12,"minecraft:cracked_polished_blackstone_bricks":2,"minecraft:dirt":1,"artifacts:superstitious_hat":1,"born_in_chaos_v1:monster_skin":4,"minecraft:crimson_roots":1,"alexsmobs:flying_fish":2,"minecraft:cut_sandstone":1,"irons_spellbooks:gold_spell_book":1,"gravestone:obituary":18,"minecraft:chain":3,"minecraft:pumpkin_pie":9,"minecraft:gold_nugget":7,"minecraft:bone_meal":4,"minecraft:phantom_membrane":1,"selfexpression:bogatyr_helmet":1,"minecraft:sand":4,"minecraft:polished_blackstone_bricks":30,"iceandfire:fire_dragon_blood":1,"minecraft:gold_ingot":1,"minecraft:bone":5,"minecraft:blackstone":21,"minecraft:spyglass":1,"born_in_chaos_v1:ethereal_spirit":1,"alexsmobs:animal_dictionary":1,"minecraft:iron_nugget":66,"minecraft:wheat":13,"minecraft:obsidian":6,"minecraft:smooth_sandstone_stairs":1,"minecraft:rotten_flesh":95,"born_in_chaos_v1:smoked_flesh":44,"minecraft:oak_planks":8,"born_in_chaos_v1:spider_mandible":2,"grapplemod:baseupgradeitem":1,"l2weaponry:iron_spear":2,"alexsmobs:kangaroo_hide":1,"supplementaries:flax_seeds":3,"supplementaries:ash":5,"alexsmobs:blood_sac":1,"crossbowverhaul:bolt_iron":41,"born_in_chaos_v1:seedof_chaos":4,"born_in_chaos_v1:fangofthe_hound_leader":3,"minecraft:beetroot_seeds":1,"born_in_chaos_v1:corpse_maggot":3,"vanillaplustools:stone_hammer":1,"minecraft:basalt":84,"minecraft:arrow":75,"relics:magma_walker":1,"minecraft:netherrack":230,"iceandfire:dragonbone_shovel":1,"alexsmobs:mosquito_proboscis":1,"farmersdelight:tomato_seeds":1,"minecraft:bread":39,"born_in_chaos_v1:shattered_skull":1,"minecraft:wheat_seeds":13,"iceandfire:dragonscales_green":2,"iceandfire:wither_shard":2,"grapplemod:grapplinghook":1,"minecraft:iron_helmet":2,"minecraft:cobblestone":182,"minecraft:book":6,"rustic_engineer:wooden_box":1,"minecraft:apple":2,"born_in_chaos_v1:charmof_power":1,"minecraft:spruce_stairs":1,"minecraft:acacia_log":1,"minecraft:stick":38,"minecraft:oxeye_daisy":1,"iceandfire:deathworm_chitin_red":3,"irons_spellbooks:scroll":2,"born_in_chaos_v1:gnawed_bones":1,"artifacts:lucky_scarf":1,"born_in_chaos_v1:black_argillite":6,"minecraft:diorite":11,"minecraft:torch":46,"minecraft:rabbit":2,"born_in_chaos_v1:fused_bone":6,"minecraft:potion":2,"minecraft:iron_leggings":1,"minecraft:brown_terracotta":21,"minecraft:smooth_sandstone":5,"iceandfire:dragonbone":14,"bloomingnature:sand":2,"minecraft:red_concrete":2,"minecraft:bricks":6,"rustic_engineer:dragonfly_item":1,"bloomingnature:prickly_pear_cactus":1,"minecraft:coarse_dirt":3,"minecraft:stone_sword":1,"rustic_engineer:book_dragon_fly":1,"alexsmobs:tarantula_hawk_wing_fragment":1,"minecraft:tuff":3,"rustic_engineer:book_abyssal_submarine":1,"iceandfire:armor_green_helmet":2,"minecraft:iron_boots":5,"sophisticatedbackpacks:backpack":2,"mmd:omen":1,"minecraft:nether_bricks":19,"l2weaponry:diamond_spear":2,"minecraft:shield":2,"grapplemod:staffupgradeitem":1,"minecraft:orange_terracotta":1,"minecraft:diamond_chestplate":1,"minecraft:spruce_planks":2,"minecraft:diamond_pickaxe":2,"minecraft:iron_chestplate":3,"minecraft:andesite":51,"grapplemod:launcheritem":2,"minecraft:oak_boat":1,"minecraft:oak_sapling":5,"iceandfire:dragonbone_arrow":4,"minecraft:golden_sword":3,"minecraft:stone_bricks":2,"minecraft:magenta_concrete_powder":1,"minecraft:sandstone":33,"minecraft:bow":2,"relics:arrow_quiver":1,"minecraft:red_sand":2,"minecraft:magma_block":2,"farmersdelight:tomato":2},"minecraft:used":{"minecraft:beetroot":3,"minecraft:red_sand":9,"farmersdelight:cabbage_seeds":1,"minecraft:chest":1,"minecraft:iron_sword":4,"minecraft:smooth_sandstone_stairs":2,"l2weaponry:iron_spear":501,"minecraft:nether_bricks":27,"minecraft:obsidian":15,"farmersdelight:tomato":2,"minecraft:red_carpet":1,"minecraft:bow":355,"minecraft:furnace":2,"minecraft:oak_planks":2,"minecraft:stone_pickaxe":262,"minecraft:blackstone":25,"iceandfire:armor_green_helmet":1,"minecraft:cactus":11,"minecraft:ender_pearl":1,"minecraft:sand":42,"minecraft:yellow_concrete":4,"l2weaponry:diamond_spear":1292,"waystones:waystone":1,"minecraft:melon_slice":8,"minecraft:bread":34,"iceandfire:dragon_skull_fire":3,"minecraft:experience_bottle":5,"minecraft:golden_pickaxe":41,"minecraft:flint_and_steel":41,"minecraft:red_concrete":2,"vanillaplustools:stone_hammer":263,"minecraft:netherrack":385,"minecraft:torch":156,"minecraft:dirt":1,"minecraft:anvil":4,"iceandfire:dragonbone_shovel":24,"minecraft:iron_axe":343,"minecraft:smooth_sandstone":10,"minecraft:basalt":64,"minecraft:golden_carrot":4,"minecraft:magenta_wool":1,"minecraft:cooked_beef":5,"iceandfire:dragonbone_pickaxe":290,"farmersdelight:tomato_seeds":4,"minecraft:cobbled_deepslate":19,"minecraft:orange_terracotta":18,"minecraft:iron_leggings":1,"sophisticatedbackpacks:gold_backpack":1,"minecraft:water_bucket":2,"minecraft:cut_sandstone":1,"minecraft:cauldron":1,"minecraft:crafting_table":10,"irons_spellbooks:alchemist_cauldron":1,"minecraft:diamond_pickaxe":34,"bloomingnature:quicksand":2,"l2weaponry:diamond_javelin":81,"minecraft:iron_pickaxe":1243,"minecraft:magenta_concrete":1,"minecraft:magenta_concrete_powder":3,"irons_spellbooks:scroll_forge":1,"minecraft:cobblestone":161,"minecraft:bucket":6,"minecraft:pumpkin_pie":6,"minecraft:diamond_leggings":1,"irons_spellbooks:inscription_table":2},"minecraft:crafted":{"minecraft:oak_planks":88,"iceandfire:dragonbone_shovel":1,"iceandfire:silver_shovel":2,"irons_spellbooks:alchemist_cauldron":1,"minecraft:quartz_block":15,"minecraft:diamond_leggings":1,"minecraft:iron_boots":4,"iceandfire:armor_green_helmet":2,"iceandfire:dragonbone_arrow":5,"minecraft:chest":2,"sophisticatedbackpacks:backpack":1,"minecraft:emerald":1,"minecraft:cauldron":1,"minecraft:crafting_table":2,"minecraft:iron_helmet":1,"selfexpression:bogatyr_helmet":1,"l2weaponry:reinforced_handle":10,"minecraft:copper_ingot":70,"iceandfire:wither_shard":3,"iceandfire:dragonbone_bow":1,"l2weaponry:diamond_spear":1,"minecraft:diamond_pickaxe":1,"minecraft:stick":116,"l2weaponry:diamond_javelin":1,"minecraft:iron_ingot":64,"minecraft:iron_pickaxe":2,"minecraft:iron_block":6,"minecraft:gold_ingot":104,"grapplemod:launcheritem":2,"vanillaplustools:stone_hammer":2,"minecraft:piston":2,"minecraft:furnace":2,"minecraft:bone_meal":12,"minecraft:flint_and_steel":1,"l2weaponry:iron_spear":3,"irons_spellbooks:scroll_forge":1,"minecraft:leather":7,"minecraft:polished_deepslate":4,"minecraft:iron_axe":4,"grapplemod:grapplinghook":2,"grapplemod:staffupgradeitem":1,"minecraft:stone_pickaxe":22,"minecraft:diamond_boots":1,"bloomingnature:quicksand":2,"irons_spellbooks:gold_spell_book":1,"minecraft:glistering_melon_slice":16,"sophisticatedbackpacks:iron_backpack":1,"paraglider:paraglider":1,"grapplemod:baseupgradeitem":2,"iceandfire:silver_ingot":15,"sophisticatedbackpacks:gold_backpack":1,"minecraft:air":0,"iceandfire:dragonbone_pickaxe":1,"minecraft:bread":4,"iceandfire:armor_silver_metal_helmet":1,"minecraft:raw_gold":36,"minecraft:iron_leggings":2,"minecraft:anvil":2,"minecraft:torch":144},"minecraft:picked_up":{"irons_spellbooks:scroll":2,"minecraft:iron_chestplate":4,"rustic_engineer:wooden_box":2,"minecraft:anvil":2,"minecraft:lead":1,"minecraft:enchanted_book":1,"minecraft:potion":1,"minecraft:stone_brick_stairs":1,"minecraft:brewing_stand":1,"minecraft:golden_sword":3,"born_in_chaos_v1:black_argillite":6,"minecraft:string":46,"minecraft:raw_copper":64,"minecraft:iron_leggings":1,"minecraft:orange_concrete_powder":2,"irons_spellbooks:arcane_essence":11,"alexsmobs:blood_sac":1,"minecraft:red_sand":11,"minecraft:gold_nugget":1456,"minecraft:cobbled_deepslate":56,"minecraft:bucket":6,"born_in_chaos_v1:charmof_power":2,"minecraft:spruce_planks":5,"grapplemod:grapplinghook":2,"minecraft:iron_pickaxe":1,"born_in_chaos_v1:stimulating_decoction":4,"minecraft:melon_slice":52,"irons_spellbooks:inscription_table":2,"farmersdelight:cabbage_seeds":1,"crossbowverhaul:bolt_iron":54,"minecraft:furnace":1,"minecraft:iron_boots":5,"minecraft:stick":57,"minecraft:magenta_concrete_powder":4,"born_in_chaos_v1:shattered_skull":3,"minecraft:brown_terracotta":21,"minecraft:torch":79,"minecraft:acacia_log":2,"minecraft:spruce_stairs":1,"minecraft:porkchop":6,"minecraft:diorite":11,"born_in_chaos_v1:nightmare_claw":3,"minecraft:cauldron":2,"minecraft:stone_sword":1,"artifacts:lucky_scarf":1,"minecraft:rotten_flesh":105,"relics:horse_flute":1,"iceandfire:armor_green_helmet":1,"supplementaries:ash":5,"minecraft:blaze_rod":4,"minecraft:obsidian":27,"alexsmobs:flying_fish":2,"minecraft:cobblestone":555,"paraglider:paraglider":1,"minecraft:magma_block":2,"relics:roller_skates":2,"minecraft:feather":1,"minecraft:cooked_beef":4,"minecraft:water_bucket":4,"minecraft:andesite":51,"paraglider:spirit_orb":95,"minecraft:tuff":3,"minecraft:smooth_sandstone_stairs":3,"supplementaries:flax_seeds":3,"artifacts:flippers":2,"minecraft:cyan_concrete_powder":1,"mmd:omen":2,"farmersdelight:tomato":4,"minecraft:lapis_lazuli":52,"irons_spellbooks:concentration_amulet":1,"minecraft:dirt":3,"born_in_chaos_v1:monster_skin":11,"irons_spellbooks:hogskin":2,"minecraft:bone":110,"minecraft:bow":2,"minecraft:wheat_seeds":15,"minecraft:raw_gold":50,"minecraft:rabbit":2,"minecraft:cyan_concrete":3,"rustic_engineer:book_abyssal_submarine":1,"minecraft:cooked_porkchop":39,"iceandfire:dragon_skull_fire":3,"minecraft:sand":46,"minecraft:jungle_planks":4,"sophisticatedbackpacks:iron_backpack":1,"minecraft:orange_wool":2,"irons_spellbooks:blaze_spell_book":1,"alexsmobs:kangaroo_hide":3,"alexsmobs:guster_eye":1,"born_in_chaos_v1:fire_dust":4,"minecraft:diamond":16,"artifacts:crystal_heart":2,"waystones:waystone":1,"minecraft:cracked_polished_blackstone_bricks":2,"minecraft:crossbow":1,"alexsmobs:tarantula_hawk_wing_fragment":2,"minecraft:bone_meal":12,"minecraft:emerald":16,"minecraft:bread":79,"minecraft:netherrack":704,"minecraft:oak_sapling":5,"minecraft:bricks":6,"minecraft:crimson_roots":1,"iceandfire:raw_silver":15,"minecraft:diamond_pickaxe":1,"sophisticatedbackpacks:gold_backpack":3,"minecraft:crafting_table":8,"minecraft:coarse_dirt":3,"born_in_chaos_v1:diamond_termite_shard":5,"minecraft:chicken":2,"artifacts:night_vision_goggles":3,"iceandfire:witherbone":13,"minecraft:nether_wart":29,"born_in_chaos_v1:seedof_chaos":5,"gravestone:obituary":3,"minecraft:chain":5,"minecraft:shield":2,"irons_spellbooks:diamond_spell_book":1,"minecraft:orange_concrete":23,"minecraft:iron_axe":1,"born_in_chaos_v1:intoxicating_decoction":5,"minecraft:magenta_wool":1,"minecraft:blackstone":46,"l2weaponry:diamond_spear":1,"minecraft:oak_boat":1,"born_in_chaos_v1:gnawed_bones":1,"minecraft:player_head":2,"minecraft:iron_nugget":53,"minecraft:sugar_cane":13,"minecraft:phantom_membrane":1,"iceandfire:dragonbone":25,"minecraft:raw_iron":24,"minecraft:sandstone":34,"iceandfire:dragonscales_green":12,"iceandfire:deathworm_chitin_red":3,"sophisticatedbackpacks:backpack":1,"minecraft:polished_blackstone_bricks":30,"farmersdelight:tomato_seeds":5,"born_in_chaos_v1:pieceofdarkmetal":32,"minecraft:carrot":1,"minecraft:redstone":17,"historic_firearms:nether_flint":6,"irons_spellbooks:gold_spell_book":1,"minecraft:arrow":80,"minecraft:beetroot_seeds":1,"minecraft:pumpkin_pie":9,"minecraft:nether_bricks":46,"minecraft:gold_ingot":1,"minecraft:oxeye_daisy":1,"alexsmobs:kangaroo_meat":3,"born_in_chaos_v1:fused_bone":11,"born_in_chaos_v1:corpse_maggot":17,"grapplemod:launcheritem":1,"minecraft:basalt":148,"born_in_chaos_v1:monster_flesh":12,"minecraft:cut_sandstone":2,"minecraft:salmon":1,"minecraft:leather":28,"minecraft:birch_planks":9,"minecraft:oak_log":23,"artifacts:superstitious_hat":1,"artifacts:cloud_in_a_bottle":4,"minecraft:gunpowder":5,"alexsmobs:mosquito_proboscis":1,"minecraft:orange_terracotta":19,"minecraft:smooth_sandstone":15,"minecraft:red_carpet":6,"born_in_chaos_v1:spider_mandible":2,"minecraft:stone_bricks":2,"born_in_chaos_v1:smoked_flesh":44,"minecraft:iron_ingot":43,"relics:infinity_ham":4,"minecraft:glass_bottle":5,"irons_spellbooks:cinder_essence":2,"minecraft:iron_sword":1,"minecraft:soul_sand":3,"minecraft:book":45,"artifacts:obsidian_skull":1,"l2weaponry:iron_spear":1,"born_in_chaos_v1:lifestealer_bone":8,"minecraft:yellow_concrete":4,"minecraft:quartz":70,"born_in_chaos_v1:ethereal_spirit":20,"minecraft:spyglass":1,"minecraft:gravel":1,"born_in_chaos_v1:dark_rod":1,"bloomingnature:cobbled_slate":1,"born_in_chaos_v1:fangofthe_hound_leader":3,"bloomingnature:prickly_pear_cactus":1,"minecraft:crying_obsidian":3,"minecraft:spider_eye":1,"bloomingnature:sand":2,"xpbook:xp_tome":3,"minecraft:iron_helmet":2,"crossbowverhaul:bolt_gold":33,"vanillaplustools:stone_hammer":1,"minecraft:magenta_concrete":9,"minecraft:red_concrete":4,"minecraft:coal":264,"minecraft:ender_pearl":3},"minecraft:broken":{"minecraft:golden_helmet":1,"l2weaponry:iron_spear":2,"minecraft:iron_chestplate":1,"minecraft:iron_leggings":3,"minecraft:stone_pickaxe":2,"iceandfire:armor_silver_metal_helmet":1,"vanillaplustools:stone_hammer":2,"minecraft:iron_axe":2,"minecraft:iron_pickaxe":5,"minecraft:iron_helmet":1},"minecraft:custom":{"minecraft:interact_with_crafting_table":108,"minecraft:open_barrel":83,"minecraft:leave_game":18,"minecraft:time_since_death":109518,"minecraft:sprint_one_cm":1285555,"minecraft:drop":277,"minecraft:play_time":802570,"minecraft:deaths":15,"minecraft:jump":12045,"minecraft:interact_with_brewingstand":1,"minecraft:walk_on_water_one_cm":105339,"minecraft:interact_with_furnace":54,"minecraft:traded_with_villager":1,"minecraft:interact_with_cartography_table":1,"minecraft:sleep_in_bed":4,"minecraft:damage_dealt":97636,"minecraft:crouch_one_cm":13188,"waystones:waystone_activated":5,"minecraft:interact_with_smoker":1,"minecraft:inspect_dispenser":3,"minecraft:interact_with_anvil":21,"minecraft:mob_kills":495,"minecraft:damage_dealt_resisted":5143,"minecraft:climb_one_cm":6243,"minecraft:walk_one_cm":2857634,"minecraft:sneak_time":10688,"minecraft:walk_under_water_one_cm":107590,"minecraft:total_world_time":802570,"minecraft:time_since_rest":109607,"minecraft:damage_taken":35751,"minecraft:swim_one_cm":154455,"minecraft:fly_one_cm":3778044,"minecraft:open_chest":231,"minecraft:fall_one_cm":897802},"minecraft:killed":{"born_in_chaos_v1:lifestealer_true_form":2,"born_in_chaos_v1:zombie_clown":5,"minecraft:cave_spider":2,"minecraft:zombified_piglin":21,"minecraft:witch":1,"born_in_chaos_v1:restless_spirit":10,"born_in_chaos_v1:skeleton_demoman":1,"minecraft:spider":5,"born_in_chaos_v1:siamese_skeletonsright":6,"born_in_chaos_v1:baby_skeleton_minion":2,"born_in_chaos_v1:scarlet_persecutor":7,"minecraft:skeleton":49,"minecraft:chicken":1,"born_in_chaos_v1:skeleton_thrasher":1,"alexsmobs:straddler":3,"irons_spellbooks:archevoker":1,"irons_spellbooks:summoned_skeleton":1,"minecraft:camel":1,"minecraft:piglin_brute":4,"alexsmobs:kangaroo":3,"alexsmobs:triops":1,"artifacts:mimic":3,"minecraft:magma_cube":34,"minecraft:piglin":20,"born_in_chaos_v1:bonescaller":2,"minecraft:zombie_villager":5,"born_in_chaos_v1:diamond_termite":3,"naturalist:firefly":1,"born_in_chaos_v1:bone_imp":1,"minecraft:salmon":2,"alexsmobs:stradpole":1,"irons_spellbooks:necromancer":1,"minecraft:creeper":5,"alexsmobs:crimson_mosquito":7,"naturalist:alligator":1,"minecraft:pillager":35,"minecraft:zombie":20,"born_in_chaos_v1:dread_hound":12,"alexsmobs:terrapin":1,"born_in_chaos_v1:corpse_fly":10,"minecraft:ghast":2,"mca:male_villager":1,"alexsmobs:fly":2,"born_in_chaos_v1:door_knight":1,"born_in_chaos_v1:siamese_skeletonsleft":6,"minecraft:blaze":12,"alexsmobs:dropbear":1,"alexsmobs:tarantula_hawk":2,"alexsmobs:rattlesnake":1,"born_in_chaos_v1:zombie_bruiser":4,"born_in_chaos_v1:firelight":8,"born_in_chaos_v1:maggot":23,"minecraft:phantom":1,"born_in_chaos_v1:baby_spider":17,"born_in_chaos_v1:dire_hound_leader":1,"born_in_chaos_v1:spiritof_chaos":1,"born_in_chaos_v1:fallen_chaos_knight":2,"born_in_chaos_v1:spirit_guide":1,"minecraft:husk":15,"alexsmobs:guster":4,"iceandfire:cyclops":1,"born_in_chaos_v1:baby_skeleton":8,"born_in_chaos_v1:swarmer":1,"born_in_chaos_v1:spirit_guide_assistant":8,"minecraft:rabbit":2,"minecraft:bat":1,"irons_spellbooks:citadel_keeper":2,"minecraft:hoglin":5,"born_in_chaos_v1:mother_spider":1,"born_in_chaos_v1:decrepit_skeleton":9,"born_in_chaos_v1:bloody_gadfly":1,"born_in_chaos_v1:decaying_zombie":4,"iceandfire:ghost":3,"born_in_chaos_v1:dark_vortex":3,"born_in_chaos_v1:nightmare_stalker":5,"mca:female_villager":2,"minecraft:wither_skeleton":24,"minecraft:enderman":7}},"DataVersion":3465}