{"stats":{"minecraft:killed_by":{"minecraft:player":1},"minecraft:dropped":{"minecraft:iron_sword":3,"minecraft:porkchop":3,"minecraft:lapis_lazuli":80,"minecraft:diamond":10,"minecraft:crafting_table":2,"minecraft:crossbow":3,"minecraft:warped_roots":1,"born_in_chaos_v1:pieceofdarkmetal":4,"born_in_chaos_v1:monster_flesh":2,"minecraft:dirt":135,"irons_spellbooks:cinder_essence":1,"minecraft:gold_nugget":6,"minecraft:bone_meal":1,"minecraft:sand":19,"iceandfire:armor_silver_metal_helmet":1,"minecraft:stone_axe":1,"minecraft:cobbled_deepslate":387,"minecraft:wheat":107,"minecraft:rotten_flesh":39,"born_in_chaos_v1:smoked_flesh":65,"minecraft:oak_planks":2,"alexsmobs:emu_egg":1,"alexsmobs:blood_sac":6,"mmd:trailsand_tails":1,"minecraft:enchanted_book":1,"minecraft:iron_ingot":66,"minecraft:wheat_seeds":49,"minecraft:dripstone_block":1,"minecraft:cobblestone":1246,"minecraft:iron_helmet":2,"minecraft:granite":3,"born_in_chaos_v1:black_argillite":2,"minecraft:string":2,"minecraft:smooth_sandstone":1,"minecraft:gray_carpet":2,"minecraft:bowl":2,"born_in_chaos_v1:rotten_fish":2,"minecraft:iron_boots":3,"sophisticatedbackpacks:backpack":4,"minecraft:shears":4,"minecraft:hay_block":22,"minecraft:cobblestone_slab":2,"supplementaries:quiver":1,"minecraft:spruce_trapdoor":3,"minecraft:bamboo":14,"irons_spellbooks:iron_spell_book":1,"relics:arrow_quiver":1,"waystones:waystone":1,"farmersdelight:tomato":1,"relics:jellyfish_necklace":3,"iceandfire:fire_dragon_flesh":2,"minecraft:cod":1,"paraglider:spirit_orb":28,"iceandfire:armor_silver_metal_leggings":1,"minecraft:cut_sandstone":1,"gravestone:obituary":44,"minecraft:pumpkin_pie":1,"irons_spellbooks:rotten_spell_book":1,"paraglider:paraglider":5,"minecraft:gold_ingot":2,"minecraft:gravel":2,"irons_spellbooks:diamond_spell_book":1,"born_in_chaos_v1:fire_dust":3,"minecraft:pointed_dripstone":1,"minecraft:poppy":1,"supplementaries:ash":7,"minecraft:turtle_helmet":1,"iceandfire:armor_silver_metal_boots":1,"minecraft:melon_seeds":1,"born_in_chaos_v1:corpse_maggot":10,"minecraft:arrow":22,"minecraft:netherrack":257,"minecraft:bread":9,"mowziesmobs:foliaath_seed":2,"grapplemod:grapplinghook":3,"irons_spellbooks:scroll":6,"minecraft:diorite":291,"bloomingnature:swamp_oak_log":6,"iceandfire:lightning_lily":6,"born_in_chaos_v1:fused_bone":2,"iceandfire:armor_silver_metal_chestplate":1,"minecraft:iron_leggings":1,"irons_spellbooks:common_ink":12,"minecraft:granite_slab":1,"iceandfire:dragonscales_bronze":8,"minecraft:chiseled_sandstone":1,"minecraft:smooth_basalt":46,"minecraft:redstone":4,"mmd:essence_of_music":2,"minecraft:raw_copper":11,"minecraft:raw_iron":11,"minecraft:iron_chestplate":1,"minecraft:andesite":57,"artifacts:cross_necklace":1,"iceandfire:fire_dragon_heart":1,"minecraft:stone_pickaxe":1,"minecraft:calcite":2},"minecraft:mined":{"minecraft:dark_oak_planks":21,"born_in_chaos_v1:cultivated_pumpkin":4,"minecraft:jungle_leaves":2,"minecraft:red_nether_bricks":2,"minecraft:obsidian":9,"minecraft:carved_pumpkin":1,"minecraft:granite":57,"minecraft:acacia_log":3,"minecraft:jungle_log":1,"minecraft:coal_block":5,"minecraft:deepslate_bricks":1,"minecraft:hopper":1,"minecraft:nether_wart":40,"minecraft:spawner":23,"minecraft:magma_block":3,"minecraft:fire":10,"minecraft:barrel":3,"minecraft:cobbled_deepslate":24,"minecraft:pumpkin":20,"minecraft:deepslate_lapis_ore":2,"minecraft:granite_slab":1,"minecraft:nether_brick_stairs":2,"iceandfire:gold_pile":162,"minecraft:dirt_path":9,"bloomingnature:tall_red_oat_grass":2,"minecraft:player_head":2,"minecraft:orange_bed":1,"minecraft:cut_sandstone":5,"bloomingnature:chestnut_log":5,"minecraft:crimson_nylium":21,"minecraft:soul_fire":1,"minecraft:torch":4,"minecraft:blast_furnace":2,"minecraft:melon":3,"minecraft:dead_bush":1,"minecraft:nether_brick_slab":1,"minecraft:glass":13,"minecraft:cyan_bed":3,"minecraft:sugar_cane":13,"minecraft:wheat":60,"minecraft:warped_fungus":1,"minecraft:grass":97,"minecraft:piston":1,"minecraft:deepslate":168,"iceandfire:silver_ore":23,"minecraft:mossy_cobblestone":29,"minecraft:nether_bricks":2,"minecraft:dark_oak_fence":9,"minecraft:spruce_fence":1,"born_in_chaos_v1:black_argillite":2,"minecraft:crimson_roots":4,"graveyard:tg_deepslate":2,"iceandfire:deepslate_silver_ore":1,"realmrpg_skeletons:cactus_skeleton":1,"minecraft:andesite":19,"minecraft:vine":3,"minecraft:cobblestone_slab":1,"minecraft:rail":5,"minecraft:bamboo":6,"irons_spellbooks:inscription_table":3,"minecraft:white_wool":8,"bloomingnature:baobab_leaves":5,"minecraft:soul_sand":6,"realmrpg_skeletons:headless_skeleton":1,"minecraft:observer":12,"minecraft:smooth_sandstone":1,"minecraft:warped_roots":1,"minecraft:tall_grass":48,"minecraft:copper_ore":12,"minecraft:deepslate_gold_ore":17,"minecraft:diorite":5,"graveyard:vase_block":1,"bloomingnature:baobab_log":42,"minecraft:gravel":17,"minecraft:dripstone_block":2,"minecraft:cobweb":47,"minecraft:gold_ore":48,"minecraft:fern":2,"minecraft:stone_pressure_plate":1,"minecraft:sculk_vein":14,"sophisticatedbackpacks:gold_backpack":1,"minecraft:brewing_stand":9,"minecraft:spruce_trapdoor":1,"bloomingnature:baobab_wood":4,"minecraft:grass_block":817,"iammusicplayer:boombox":1,"farmersdelight:budding_tomatoes":1,"minecraft:iron_ore":75,"born_in_chaos_v1:black_argillite_brick_stairs":6,"minecraft:pointed_dripstone":2,"minecraft:iron_bars":1,"minecraft:deepslate_redstone_ore":92,"minecraft:blackstone":6,"minecraft:soul_lantern":1,"iceandfire:ghost_chest":1,"minecraft:chest":9,"minecraft:nether_quartz_ore":17,"minecraft:cobblestone":67,"minecraft:oak_planks":5,"minecraft:wall_torch":5,"minecraft:cauldron":1,"minecraft:seagrass":1,"minecraft:nether_wart_block":2,"minecraft:tnt":9,"minecraft:oak_log":78,"minecraft:dirt":128,"minecraft:sand":257,"minecraft:ancient_debris":2,"minecraft:netherrack":1573,"minecraft:oak_leaves":3,"minecraft:nether_gold_ore":3,"bloomingnature:floating_leaves":41,"minecraft:diamond_ore":6,"minecraft:crying_obsidian":5,"minecraft:tuff":13,"minecraft:dark_oak_leaves":4,"minecraft:deepslate_diamond_ore":22,"gravestone:gravestone":31,"minecraft:ladder":3,"farmersdelight:tomatoes":33,"minecraft:sandstone":10,"minecraft:large_fern":5,"minecraft:hay_block":30,"minecraft:furnace":3,"minecraft:carrots":58,"mmd:essence_of_music_ore":1,"minecraft:chiseled_sandstone":1,"minecraft:gold_block":1,"bloomingnature:swamp_oak_leaves":2,"minecraft:bookshelf":39,"minecraft:deepslate_iron_ore":15,"minecraft:stone":838,"bloomingnature:bluebell":1,"minecraft:acacia_leaves":2,"minecraft:stripped_dark_oak_log":1,"minecraft:oak_fence":5,"minecraft:crafting_table":7,"minecraft:cyan_stained_glass_pane":2,"minecraft:sculk_sensor":1,"born_in_chaos_v1:chipped_black_argillite_brick":1,"minecraft:lapis_ore":22,"minecraft:sculk":44,"supplementaries:urn":1,"minecraft:birch_planks":1,"minecraft:cactus":7,"bloomingnature:red_oat_grass":4,"bloomingnature:swamp_oak_log":44,"minecraft:black_wall_banner":1,"minecraft:yellow_bed":5,"minecraft:coal_ore":140,"minecraft:gray_carpet":2,"minecraft:birch_fence":1,"paraglider:goddess_statue":1},"minecraft:used":{"irons_spellbooks:inscription_table":3,"minecraft:beetroot":17,"minecraft:dispenser":2,"minecraft:ladder":1,"minecraft:chest":30,"iammusicplayer:boombox":2,"born_in_chaos_v1:smoked_flesh":274,"minecraft:lava_bucket":3,"born_in_chaos_v1:mint_candy":2,"minecraft:bow":55,"minecraft:furnace":4,"minecraft:egg":193,"bloomingnature:chestnut_boat":8,"minecraft:diorite":13,"minecraft:warped_fungus_on_a_stick":508,"minecraft:wooden_pickaxe":19,"minecraft:golden_apple":23,"minecraft:sand":41,"minecraft:blast_furnace":2,"born_in_chaos_v1:holiday_candy":4,"minecraft:oak_boat":8,"minecraft:oak_trapdoor":1,"minecraft:enchanting_table":1,"waystones:sandy_waystone":6,"minecraft:stone_sword":2491,"minecraft:armor_stand":1,"minecraft:netherrack":39,"minecraft:orange_bed":1,"minecraft:torch":100,"minecraft:brewing_stand":10,"minecraft:anvil":1,"born_in_chaos_v1:chipped_black_argillite_brick":1,"minecraft:barrel":6,"minecraft:bamboo":32,"minecraft:beef":6,"farmersdelight:tomato_seeds":33,"minecraft:cobbled_deepslate":688,"minecraft:observer":23,"minecraft:pointed_dripstone":1,"sophisticatedbackpacks:gold_backpack":1,"minecraft:wheat_seeds":117,"minecraft:water_bucket":53,"minecraft:cauldron":2,"minecraft:mossy_cobblestone":3,"minecraft:rail":2,"minecraft:tnt":11,"minecraft:crafting_table":9,"minecraft:cake":3,"minecraft:diamond_pickaxe":2912,"minecraft:diamond_shovel":1017,"minecraft:iron_pickaxe":256,"minecraft:cobblestone":669,"minecraft:potion":2,"minecraft:cooked_porkchop":33,"minecraft:iron_shovel":58,"minecraft:diamond_hoe":2,"minecraft:shield":136,"minecraft:iron_sword":3872,"minecraft:player_head":2,"minecraft:iron_chestplate":1,"paraglider:goddess_statue":1,"minecraft:jungle_planks":1,"minecraft:nether_bricks":2,"minecraft:carrot":173,"minecraft:tuff":7,"minecraft:milk_bucket":2,"minecraft:obsidian":19,"minecraft:glass":100,"born_in_chaos_v1:corpse_maggot":53,"farmersdelight:tomato":52,"minecraft:hopper_minecart":1,"minecraft:stone_pickaxe":594,"minecraft:oak_planks":14,"minecraft:diamond_axe":104,"minecraft:sugar_cane":21,"minecraft:mushroom_stew":11,"minecraft:dripstone_block":9,"minecraft:shears":5,"waystones:waystone":28,"minecraft:cyan_bed":2,"minecraft:melon_slice":13,"minecraft:bread":238,"born_in_chaos_v1:smoked_monster_flesh":17,"minecraft:grindstone":1,"minecraft:bone_meal":131,"minecraft:cobweb":11,"minecraft:experience_bottle":10,"minecraft:oak_fence":4,"minecraft:trident":195,"minecraft:flint_and_steel":9,"minecraft:redstone":33,"minecraft:stone_hoe":52,"minecraft:cooked_chicken":17,"minecraft:dirt":167,"minecraft:spyglass":68,"minecraft:hopper":9,"minecraft:diamond_helmet":1,"minecraft:granite":27,"minecraft:dark_oak_planks":19,"minecraft:bookshelf":13,"minecraft:golden_carrot":109,"minecraft:cooked_beef":31,"minecraft:pumpkin":1,"minecraft:cooked_mutton":10,"minecraft:cobblestone_slab":9,"minecraft:stripped_dark_oak_log":1,"minecraft:smoker":1,"irons_spellbooks:alchemist_cauldron":1,"minecraft:piston":65,"minecraft:stone_axe":277,"irons_spellbooks:scroll_forge":1,"minecraft:bucket":62,"minecraft:yellow_bed":4,"minecraft:pumpkin_pie":29},"minecraft:crafted":{"iammusicplayer:boombox":1,"minecraft:chain":3,"bloomingnature:chestnut_boat":2,"minecraft:diamond_shovel":1,"minecraft:bookshelf":13,"minecraft:cooked_mutton":10,"minecraft:glass":169,"born_in_chaos_v1:nightmare_mantleofthe_night_chestplate":1,"iceandfire:armor_silver_metal_chestplate":1,"minecraft:diamond_leggings":1,"minecraft:glass_bottle":9,"minecraft:emerald":21,"minecraft:cooked_porkchop":33,"minecraft:diamond_axe":1,"minecraft:copper_ingot":67,"minecraft:hay_block":4,"irons_spellbooks:pumpkin_helmet":1,"irons_spellbooks:pumpkin_chestplate":1,"minecraft:stone_slab":6,"born_in_chaos_v1:smoked_flesh":376,"minecraft:iron_pickaxe":5,"minecraft:iron_block":4,"minecraft:gold_ingot":363,"minecraft:golden_carrot":111,"minecraft:jukebox":1,"minecraft:iron_nugget":18,"minecraft:spyglass":1,"minecraft:bone_meal":192,"born_in_chaos_v1:smoked_monster_flesh":17,"minecraft:ender_pearl":2,"minecraft:stone_pickaxe":5,"iceandfire:armor_silver_metal_boots":1,"iammusicplayer:parabolic_antenna":1,"minecraft:lead":6,"minecraft:wheat":270,"minecraft:enchanting_table":1,"iammusicplayer:radio_antenna":1,"minecraft:leather_helmet":1,"sophisticatedbackpacks:gold_backpack":3,"born_in_chaos_v1:dark_metal_nugget":42,"minecraft:golden_apple":51,"minecraft:warped_fungus_on_a_stick":1,"minecraft:iron_leggings":2,"minecraft:iron_shovel":1,"irons_spellbooks:pumpkin_leggings":1,"minecraft:note_block":2,"irons_spellbooks:diamond_spell_book":1,"minecraft:grindstone":1,"minecraft:oak_planks":532,"minecraft:cobblestone_slab":12,"irons_spellbooks:iron_spell_book":1,"minecraft:cooked_chicken":1,"minecraft:stone":3,"irons_spellbooks:alchemist_cauldron":1,"born_in_chaos_v1:dark_metal_ingot":3,"minecraft:green_dye":3,"minecraft:hopper":9,"minecraft:bow":2,"minecraft:iron_boots":4,"iceandfire:armor_silver_metal_leggings":1,"minecraft:chest":31,"bloomingnature:baobab_planks":32,"minecraft:oak_button":3,"mmd:essence_of_music":1,"minecraft:stone_hoe":1,"minecraft:golden_boots":1,"minecraft:smoker":1,"sophisticatedbackpacks:backpack":1,"minecraft:cauldron":2,"minecraft:crafting_table":6,"minecraft:iron_helmet":3,"minecraft:wooden_pickaxe":1,"bloomingnature:swamp_oak_planks":120,"minecraft:hopper_minecart":1,"minecraft:dispenser":2,"minecraft:tnt":7,"grapplemod:motorupgradeitem":1,"minecraft:iron_chestplate":2,"minecraft:charcoal":2,"minecraft:diamond_pickaxe":2,"minecraft:shield":3,"minecraft:stick":108,"minecraft:iron_ingot":182,"minecraft:stone_sword":20,"alexsmobs:mosquito_larva":2,"irons_spellbooks:magic_cloth":11,"minecraft:shears":7,"bloomingnature:chestnut_planks":20,"minecraft:coal":9,"minecraft:fishing_rod":1,"born_in_chaos_v1:nightmare_mantleofthe_night_leggings":1,"born_in_chaos_v1:nightmare_mantleofthe_night_boots":1,"minecraft:furnace":3,"minecraft:piston":65,"born_in_chaos_v1:nightmare_mantleofthe_night_helmet":1,"minecraft:glass_pane":16,"minecraft:oak_trapdoor":2,"irons_spellbooks:scroll_forge":1,"minecraft:polished_deepslate":4,"grapplemod:grapplinghook":8,"minecraft:netherite_scrap":2,"minecraft:minecart":1,"minecraft:observer":12,"sophisticatedbackpacks:iron_backpack":2,"minecraft:cooked_beef":26,"paraglider:paraglider":3,"grapplemod:baseupgradeitem":1,"iceandfire:silver_ingot":20,"minecraft:iron_sword":8,"minecraft:stone_axe":4,"minecraft:air":0,"minecraft:bread":59,"minecraft:jungle_planks":4,"minecraft:oak_boat":6,"iceandfire:armor_silver_metal_helmet":1,"minecraft:white_wool":6,"minecraft:gold_nugget":1242,"minecraft:anvil":1,"minecraft:pumpkin_pie":1,"minecraft:acacia_planks":36,"minecraft:torch":136,"minecraft:lapis_lazuli":24},"minecraft:picked_up":{"minecraft:chainmail_boots":1,"irons_spellbooks:rotten_spell_book":1,"minecraft:lead":7,"minecraft:enchanted_book":2,"alexsmobs:bone_serpent_tooth":2,"minecraft:brewing_stand":10,"minecraft:golden_sword":3,"iceandfire:manuscript":10,"paraglider:goddess_statue":1,"minecraft:string":64,"minecraft:red_nether_bricks":2,"minecraft:orange_concrete_powder":1,"minecraft:gold_nugget":1979,"minecraft:cobbled_deepslate":2858,"minecraft:spruce_planks":1,"minecraft:melon_slice":16,"minecraft:coal_block":5,"crossbowverhaul:bolt_iron":52,"minecraft:dark_oak_door":1,"artifacts:universal_attractor":1,"born_in_chaos_v1:shattered_skull":1,"minecraft:acacia_log":9,"iceandfire:lightning_dragon_flesh":4,"born_in_chaos_v1:black_argillite_brick_stairs":6,"minecraft:cauldron":1,"bloomingnature:chestnut_log":5,"iceandfire:lightning_lily":6,"minecraft:orange_bed":1,"iceandfire:deathworm_chitin_yellow":7,"iceandfire:fire_dragon_heart":3,"minecraft:carved_pumpkin":1,"mmd:trailsand_tails":2,"born_in_chaos_v1:cultivated_pumpkin":4,"supplementaries:ash":12,"minecraft:blaze_rod":1,"minecraft:magma_block":4,"minecraft:feather":4,"born_in_chaos_v1:spiritual_dust":3,"minecraft:jungle_log":1,"minecraft:flint":20,"relics:jellyfish_necklace":4,"irons_spellbooks:concentration_amulet":2,"farmersdelight:tomato":53,"born_in_chaos_v1:nightmare_stalker_skull":1,"born_in_chaos_v1:marigolds":15,"irons_spellbooks:iron_spell_book":3,"minecraft:dark_oak_sign":1,"minecraft:moss_block":1,"minecraft:granite_slab":4,"iceandfire:lightning_dragon_heart":1,"minecraft:fermented_spider_eye":3,"minecraft:barrel":3,"minecraft:granite":116,"minecraft:bread":85,"alexsmobs:maggot":4,"born_in_chaos_v1:rotten_fish":7,"minecraft:dark_oak_fence":8,"minecraft:crimson_roots":6,"iceandfire:raw_silver":24,"minecraft:diamond_pickaxe":2,"sophisticatedbackpacks:gold_backpack":1,"minecraft:crafting_table":11,"iceandfire:witherbone":16,"minecraft:nether_wart":51,"gravestone:obituary":20,"irons_spellbooks:diamond_spell_book":4,"minecraft:netherite_scrap":1,"minecraft:iron_shovel":2,"irons_spellbooks:pumpkin_helmet":2,"minecraft:beef":34,"born_in_chaos_v1:gnawed_bones":2,"minecraft:iron_nugget":54,"minecraft:poppy":1,"irons_spellbooks:emerald_stoneplate_ring":3,"minecraft:chest":10,"iceandfire:dragonscales_electric":20,"minecraft:piston":1,"minecraft:diamond_hoe":1,"minecraft:egg":10,"minecraft:sandstone":9,"artifacts:charm_of_sinking":1,"minecraft:spruce_fence":1,"alexsmobs:straddlite":4,"sophisticatedbackpacks:backpack":12,"minecraft:fire_charge":1,"farmersdelight:tomato_seeds":37,"born_in_chaos_v1:pieceofdarkmetal":43,"minecraft:carrot":204,"minecraft:redstone":542,"minecraft:tnt":9,"minecraft:diamond_chestplate":1,"minecraft:shears":4,"minecraft:deepslate_bricks":1,"relics:arrow_quiver":4,"minecraft:hay_block":52,"minecraft:gold_ingot":5,"minecraft:totem_of_undying":1,"sophisticatedbackpacks:copper_backpack":2,"minecraft:mutton":8,"minecraft:oxeye_daisy":1,"minecraft:rail":13,"minecraft:white_wool":14,"born_in_chaos_v1:nightmare_mantleofthe_night_boots":2,"born_in_chaos_v1:monster_flesh":38,"minecraft:acacia_wood":2,"waystones:sandy_waystone":6,"minecraft:oak_log":198,"minecraft:ancient_debris":2,"minecraft:golden_boots":3,"alexsmobs:mosquito_proboscis":2,"minecraft:paper":19,"minecraft:white_banner":5,"minecraft:apple":2,"mowziesmobs:foliaath_seed":2,"born_in_chaos_v1:smoked_flesh":2,"minecraft:stone_pickaxe":1,"minecraft:cobweb":7,"minecraft:iron_sword":5,"minecraft:dark_oak_stairs":1,"minecraft:smooth_basalt":46,"mmd:essence_of_music":2,"born_in_chaos_v1:ethereal_spirit":16,"minecraft:spyglass":1,"minecraft:gravel":117,"minecraft:birch_stairs":1,"minecraft:crying_obsidian":4,"minecraft:leather_helmet":1,"bloomingnature:sand":4,"minecraft:slime_ball":1,"crossbowverhaul:bolt_gold":12,"minecraft:gray_wool":1,"minecraft:warped_roots":2,"minecraft:melon_seeds":1,"minecraft:stripped_dark_oak_log":1,"minecraft:hopper":1,"minecraft:ender_pearl":2,"irons_spellbooks:scroll":3,"minecraft:wheat":66,"born_in_chaos_v1:black_argillite":2,"minecraft:raw_copper":69,"minecraft:armor_stand":1,"irons_spellbooks:arcane_essence":8,"alexsmobs:blood_sac":20,"minecraft:red_sand":8,"grapplemod:grapplinghook":2,"minecraft:cobblestone_slab":3,"minecraft:calcite":4,"born_in_chaos_v1:stimulating_decoction":2,"irons_spellbooks:inscription_table":3,"minecraft:furnace":3,"minecraft:tipped_arrow":14,"minecraft:stick":40,"iceandfire:ghost_chest":1,"minecraft:acacia_fence":2,"minecraft:oak_fence":4,"minecraft:torch":21,"minecraft:spruce_stairs":1,"minecraft:porkchop":36,"minecraft:pointed_dripstone":8,"minecraft:diorite":395,"born_in_chaos_v1:nightmare_claw":2,"minecraft:goat_horn":1,"minecraft:cactus":10,"minecraft:rotten_flesh":979,"alexsmobs:emu_egg":6,"minecraft:obsidian":9,"iammusicplayer:boombox":2,"minecraft:cobblestone":3513,"paraglider:paraglider":5,"relics:roller_skates":1,"minecraft:leather_chestplate":3,"minecraft:andesite":117,"minecraft:potato":9,"born_in_chaos_v1:staff_of_magic_arrows":1,"irons_spellbooks:pumpkin_leggings":2,"paraglider:spirit_orb":74,"minecraft:tuff":202,"graveyard:dark_iron_door":1,"mmd:omen":4,"bloomingnature:chestnut_boat":7,"minecraft:lapis_lazuli":322,"minecraft:dirt":595,"iceandfire:dragonscales_bronze":8,"born_in_chaos_v1:monster_skin":20,"irons_spellbooks:hogskin":7,"minecraft:bone":99,"bloomingnature:bluebell":1,"minecraft:bow":1,"minecraft:wheat_seeds":227,"minecraft:raw_gold":95,"minecraft:bamboo":68,"minecraft:oak_planks":13,"irons_spellbooks:fireward_ring":1,"minecraft:jungle_planks":1,"minecraft:sand":282,"minecraft:nether_brick_stairs":2,"minecraft:dead_bush":4,"minecraft:cyan_bed":3,"minecraft:chiseled_sandstone":2,"minecraft:mossy_cobblestone":30,"born_in_chaos_v1:fire_dust":20,"minecraft:diamond":64,"bloomingnature:swamp_oak_log":41,"minecraft:soul_lantern":1,"waystones:waystone":29,"minecraft:crossbow":5,"minecraft:bone_meal":4,"minecraft:golden_apple":2,"minecraft:emerald":6,"minecraft:oak_sapling":24,"minecraft:netherrack":1470,"irons_spellbooks:uncommon_ink":1,"minecraft:charcoal":1,"artifacts:night_vision_goggles":4,"minecraft:chicken":5,"minecraft:ladder":3,"minecraft:turtle_helmet":3,"minecraft:chest_minecart":1,"minecraft:gold_block":1,"minecraft:diamond_horse_armor":1,"minecraft:chain":2,"minecraft:shield":1,"minecraft:orange_concrete":3,"minecraft:iron_axe":1,"minecraft:birch_fence":1,"takesapillage:ravager_horn":1,"minecraft:blackstone":5,"graveyard:corruption":10,"minecraft:oak_boat":3,"irons_spellbooks:epic_ink":1,"minecraft:player_head":2,"minecraft:observer":12,"minecraft:sugar_cane":21,"minecraft:spruce_trapdoor":3,"minecraft:raw_iron":94,"iceandfire:dragonbone":14,"iceandfire:dragonscales_green":41,"iceandfire:deathworm_chitin_red":3,"minecraft:cookie":2,"iammusicplayer:cassette_tape":1,"minecraft:trident":1,"iceandfire:deathworm_egg_giant":1,"minecraft:stone_pressure_plate":1,"alexsmobs:crocodile_scute":2,"minecraft:dark_oak_planks":25,"minecraft:arrow":59,"minecraft:pumpkin_pie":1,"minecraft:jungle_stairs":2,"minecraft:nether_bricks":2,"artifacts:cross_necklace":1,"minecraft:black_banner":1,"minecraft:brick_stairs":1,"born_in_chaos_v1:fused_bone":3,"born_in_chaos_v1:corpse_maggot":154,"minecraft:basalt":26,"bloomingnature:baobab_log":42,"minecraft:leather":24,"minecraft:cut_sandstone":6,"minecraft:birch_planks":1,"bloomingnature:genisteae":1,"iceandfire:ectoplasm":6,"minecraft:yellow_bed":4,"minecraft:nether_wart_block":2,"minecraft:gunpowder":4,"mca:book_romance":1,"minecraft:orange_terracotta":1,"minecraft:cooked_mutton":2,"irons_spellbooks:common_ink":12,"minecraft:smooth_sandstone":1,"minecraft:gray_carpet":2,"minecraft:iron_ingot":13,"irons_spellbooks:pumpkin_chestplate":2,"born_in_chaos_v1:chipped_black_argillite_brick":1,"irons_spellbooks:cinder_essence":2,"iceandfire:fire_dragon_flesh":4,"minecraft:acacia_sapling":4,"minecraft:soul_sand":6,"minecraft:book":115,"artifacts:obsidian_skull":2,"minecraft:warped_fungus":1,"minecraft:pumpkin":19,"iceandfire:ash":3,"minecraft:quartz":21,"minecraft:dripstone_block":11,"minecraft:blast_furnace":3,"minecraft:nether_brick_slab":1,"minecraft:spider_eye":2,"minecraft:pumpkin_seeds":4,"block_factorys_bosses:sandworm_dart":1,"minecraft:iron_helmet":1,"minecraft:terracotta":1,"minecraft:coal":167},"minecraft:broken":{"minecraft:diamond_helmet":2,"minecraft:iron_boots":4,"minecraft:iron_leggings":2,"minecraft:iron_sword":9,"minecraft:stone_sword":18,"minecraft:shield":1,"minecraft:iron_pickaxe":1,"minecraft:iron_helmet":1,"minecraft:stone_pickaxe":3,"grapplemod:grapplinghook":1,"minecraft:stone_axe":1,"minecraft:diamond_chestplate":1},"minecraft:custom":{"minecraft:interact_with_crafting_table":99,"minecraft:open_barrel":386,"minecraft:eat_cake_slice":22,"minecraft:leave_game":26,"minecraft:time_since_death":149007,"minecraft:damage_blocked_by_shield":3448,"minecraft:play_time":1809191,"minecraft:deaths":39,"minecraft:jump":20378,"minecraft:enchant_item":12,"minecraft:interact_with_furnace":123,"minecraft:traded_with_villager":47,"minecraft:sleep_in_bed":64,"minecraft:damage_dealt":224741,"waystones:waystone_activated":41,"minecraft:interact_with_smoker":66,"minecraft:inspect_dispenser":17,"minecraft:interact_with_anvil":6,"minecraft:damage_dealt_absorbed":452,"minecraft:sneak_time":8650,"minecraft:interact_with_blast_furnace":32,"minecraft:total_world_time":1809191,"minecraft:time_since_rest":137702,"minecraft:swim_one_cm":207213,"minecraft:fly_one_cm":7361658,"minecraft:open_chest":879,"minecraft:fall_one_cm":921854,"minecraft:animals_bred":13,"minecraft:sprint_one_cm":2959345,"minecraft:drop":289,"minecraft:talked_to_villager":3,"minecraft:interact_with_brewingstand":1,"minecraft:walk_on_water_one_cm":408945,"minecraft:crouch_one_cm":25849,"minecraft:mob_kills":1478,"minecraft:damage_dealt_resisted":6548,"minecraft:climb_one_cm":40973,"minecraft:walk_one_cm":5174180,"minecraft:raid_win":1,"minecraft:strider_one_cm":804884,"minecraft:walk_under_water_one_cm":481554,"minecraft:boat_one_cm":1029979,"minecraft:raid_trigger":1,"minecraft:interact_with_grindstone":2,"minecraft:damage_taken":60345,"minecraft:damage_absorbed":840,"minecraft:trigger_trapped_chest":2},"minecraft:killed":{"minecraft:cave_spider":6,"block_factorys_bosses:sandworm":1,"born_in_chaos_v1:restless_spirit":3,"born_in_chaos_v1:skeleton_demoman":1,"born_in_chaos_v1:door_knight_not_despawn":1,"graveyard:wraith":5,"born_in_chaos_v1:siamese_skeletonsright":2,"born_in_chaos_v1:baby_skeleton_minion":1,"minecraft:skeleton":30,"graveyard:acolyte":1,"minecraft:chicken":11,"alexsmobs:straddler":23,"irons_spellbooks:archevoker":1,"minecraft:magma_cube":14,"born_in_chaos_v1:bone_imp":5,"minecraft:pillager":32,"irons_spellbooks:summoned_vex":3,"minecraft:zombie":835,"born_in_chaos_v1:corpse_fly":15,"born_in_chaos_v1:door_knight":1,"takesapillage:archer":1,"minecraft:cow":16,"mca:female_zombie_villager":1,"graveyard:corrupted_vindicator":3,"alexsmobs:raccoon":1,"minecraft:vindicator":7,"born_in_chaos_v1:firelight":16,"minecraft:horse":3,"born_in_chaos_v1:dire_hound_leader":1,"born_in_chaos_v1:spirit_guide":3,"alexsmobs:guster":1,"minecraft:husk":29,"graveyard:ghoul":1,"minecraft:frog":2,"born_in_chaos_v1:krampus_henchman":2,"born_in_chaos_v1:decrepit_skeleton":5,"iceandfire:ghost":8,"minecraft:enderman":4,"minecraft:witch":1,"minecraft:zombified_piglin":17,"minecraft:spider":8,"born_in_chaos_v1:scarlet_persecutor":6,"minecraft:piglin":3,"born_in_chaos_v1:bonescaller":2,"minecraft:zombie_villager":2,"alexsmobs:stradpole":11,"minecraft:strider":1,"minecraft:creeper":2,"alexsmobs:crimson_mosquito":24,"minecraft:sheep":7,"born_in_chaos_v1:dread_hound":23,"minecraft:ghast":1,"alexsmobs:fly":3,"graveyard:corrupted_pillager":3,"minecraft:blaze":3,"born_in_chaos_v1:siamese_skeletonsleft":1,"alexsmobs:bone_serpent":6,"born_in_chaos_v1:zombie_clown_not_despawn":1,"born_in_chaos_v1:zombie_bruiser":1,"born_in_chaos_v1:maggot":186,"minecraft:phantom":2,"born_in_chaos_v1:baby_spider":1,"minecraft:drowned":4,"born_in_chaos_v1:corpse_fish":10,"born_in_chaos_v1:fallen_chaos_knight":2,"born_in_chaos_v1:swarmer":1,"born_in_chaos_v1:spirit_guide_assistant":5,"minecraft:hoglin":10,"born_in_chaos_v1:decaying_zombie":2,"born_in_chaos_v1:nightmare_stalker":1,"minecraft:wither_skeleton":25,"born_in_chaos_v1:decaying_zombie_not_despawn":1}},"DataVersion":3465}