{"stats":{"minecraft:killed_by":{"minecraft:player":2},"minecraft:custom":{"minecraft:interact_with_crafting_table":81,"minecraft:open_barrel":456,"minecraft:bell_ring":6,"minecraft:eat_cake_slice":10,"minecraft:leave_game":17,"minecraft:time_since_death":7698,"minecraft:damage_blocked_by_shield":6408,"minecraft:play_time":1884633,"minecraft:deaths":54,"minecraft:jump":36237,"minecraft:enchant_item":18,"minecraft:interact_with_furnace":77,"minecraft:traded_with_villager":10,"minecraft:interact_with_cartography_table":2,"minecraft:sleep_in_bed":63,"minecraft:damage_dealt":268720,"waystones:waystone_activated":30,"minecraft:interact_with_smoker":9,"minecraft:inspect_dispenser":2,"minecraft:interact_with_smithing_table":1,"minecraft:interact_with_anvil":30,"minecraft:damage_dealt_absorbed":230,"minecraft:sneak_time":25275,"minecraft:interact_with_lectern":2,"minecraft:interact_with_blast_furnace":83,"minecraft:total_world_time":1884633,"minecraft:tune_noteblock":5,"minecraft:time_since_rest":7770,"minecraft:swim_one_cm":1245361,"minecraft:fly_one_cm":13360743,"minecraft:open_chest":505,"minecraft:fall_one_cm":1870299,"minecraft:animals_bred":8,"minecraft:damage_resisted":184,"minecraft:sprint_one_cm":4457727,"minecraft:drop":769,"minecraft:play_noteblock":27,"minecraft:talked_to_villager":3,"minecraft:interact_with_brewingstand":2,"minecraft:walk_on_water_one_cm":502262,"minecraft:interact_with_loom":2,"minecraft:player_kills":1,"minecraft:crouch_one_cm":33508,"minecraft:mob_kills":1383,"minecraft:interact_with_campfire":2,"minecraft:damage_dealt_resisted":31369,"minecraft:climb_one_cm":46906,"minecraft:walk_one_cm":5495589,"minecraft:raid_win":1,"minecraft:walk_under_water_one_cm":547683,"minecraft:boat_one_cm":769362,"minecraft:interact_with_grindstone":8,"minecraft:damage_taken":87151,"minecraft:damage_absorbed":20,"minecraft:trigger_trapped_chest":2},"minecraft:used":{"farmersdelight:cabbage_seeds":5,"minecraft:poppy":1,"minecraft:ladder":1,"minecraft:chest":3,"minecraft:rotten_flesh":4,"born_in_chaos_v1:soul_cutlass":478,"born_in_chaos_v1:smoked_flesh":57,"bloomingnature:swamp_oak_boat":1,"farmersdelight:rotten_tomato":2,"minecraft:netherite_hoe":164,"minecraft:stone_brick_stairs":1,"minecraft:bow":86,"minecraft:oak_sapling":2,"minecraft:furnace":3,"supplementaries:ash":5,"minecraft:egg":1,"minecraft:potato":55,"minecraft:wooden_pickaxe":3,"minecraft:golden_apple":2,"minecraft:blast_furnace":10,"l2weaponry:iron_round_shield":160,"supplementaries:flax_seeds":3,"minecraft:wooden_sword":14,"minecraft:smithing_table":1,"minecraft:oak_boat":7,"minecraft:oak_trapdoor":15,"minecraft:stone_sword":128,"waystones:sandy_waystone":4,"vanillaplustools:stone_hammer":197,"minecraft:cooked_salmon":1,"minecraft:netherrack":54,"minecraft:torch":287,"minecraft:anvil":1,"minecraft:iron_axe":536,"minecraft:melon_seeds":2,"minecraft:barrel":7,"rustic_engineer:rustic_hammer":49,"minecraft:goat_horn":11,"farmersdelight:tomato_seeds":13,"minecraft:acacia_planks":1,"minecraft:wheat_seeds":241,"minecraft:water_bucket":68,"minecraft:birch_planks":6,"l2weaponry:diamond_machete":1194,"minecraft:mossy_cobblestone":1,"minecraft:tnt":3,"minecraft:crafting_table":5,"minecraft:white_bed":2,"minecraft:oak_log":92,"minecraft:diamond_pickaxe":499,"minecraft:oxeye_daisy":1,"minecraft:iron_pickaxe":920,"minecraft:spruce_trapdoor":6,"minecraft:chiseled_stone_bricks":1,"minecraft:cobblestone":146,"minecraft:potion":1,"minecraft:cooked_porkchop":18,"minecraft:dandelion":2,"minecraft:iron_shovel":90,"bloomingnature:foxglove_white":3,"minecraft:shield":129,"minecraft:iron_sword":3046,"minecraft:obsidian":8,"born_in_chaos_v1:corpse_maggot":1,"farmersdelight:tomato":82,"minecraft:stone_bricks":3,"minecraft:hay_block":2,"minecraft:beetroot_seeds":10,"bloomingnature:swamp_oak_planks":145,"minecraft:dark_oak_stairs":2,"minecraft:stone_pickaxe":37,"minecraft:oak_planks":127,"minecraft:white_wool":8,"minecraft:yellow_terracotta":1,"minecraft:crossbow":215,"waystones:waystone":4,"minecraft:bread":224,"minecraft:melon_slice":5,"minecraft:gravel":11,"minecraft:grindstone":2,"minecraft:andesite":4,"minecraft:chest_minecart":1,"minecraft:bone_meal":46,"minecraft:coarse_dirt":1,"minecraft:golden_pickaxe":131,"minecraft:experience_bottle":5,"bloomingnature:genisteae":1,"minecraft:oak_fence":30,"minecraft:stone_shovel":167,"minecraft:spruce_planks":1,"minecraft:oak_door":5,"bettertools:diamond_paxel":1220,"alexscaves:cooked_tripodfish":1,"minecraft:dirt":477,"minecraft:granite":7,"minecraft:iron_hoe":126,"minecraft:dark_oak_planks":35,"minecraft:oak_stairs":195,"alexscaves:spelunkery_table":1,"minecraft:cooked_beef":18,"minecraft:cooked_mutton":4,"minecraft:cobblestone_stairs":1,"minecraft:baked_potato":28,"minecraft:terracotta":2,"minecraft:lime_bed":1,"minecraft:book":3,"bloomingnature:bluebell":1,"minecraft:map":5,"bloomingnature:chestnut_planks":38,"minecraft:yellow_wool":9,"minecraft:bucket":73,"minecraft:yellow_bed":1},"minecraft:broken":{"minecraft:diamond_helmet":1,"minecraft:iron_boots":5,"minecraft:iron_chestplate":2,"minecraft:iron_leggings":4,"iceandfire:armor_bronze_boots":1,"minecraft:iron_sword":5,"minecraft:stone_sword":1,"minecraft:shield":1,"vanillaplustools:stone_hammer":1,"minecraft:iron_axe":1,"minecraft:iron_pickaxe":3,"minecraft:iron_helmet":6,"iceandfire:armor_amythest_leggings":1,"minecraft:iron_shovel":1,"minecraft:leather_leggings":1,"iceandfire:armor_amythest_boots":1,"iceandfire:armor_bronze_leggings":1,"l2weaponry:iron_round_shield":1,"iceandfire:armor_bronze_chestplate":1,"minecraft:stone_shovel":1,"minecraft:diamond_chestplate":1,"iceandfire:armor_amythest_helmet":1,"minecraft:golden_pickaxe":1},"minecraft:picked_up":{"born_in_chaos_v1:charmof_stealth":1,"minecraft:iron_chestplate":2,"minecraft:chainmail_boots":2,"minecraft:prismarine_shard":4,"minecraft:smithing_table":1,"minecraft:lead":5,"minecraft:oak_stairs":143,"artifacts:chorus_totem":1,"minecraft:wither_rose":1,"minecraft:enchanted_book":8,"minecraft:brewing_stand":1,"iceandfire:manuscript":6,"minecraft:string":192,"minecraft:dark_oak_trapdoor":1,"minecraft:cooked_salmon":1,"alexsmobs:emu_feather":2,"minecraft:gold_nugget":1086,"minecraft:cobbled_deepslate":136,"born_in_chaos_v1:charmof_power":3,"minecraft:spruce_planks":3,"iceandfire:myrmex_desert_resin":3,"minecraft:melon_slice":5,"minecraft:coal_block":5,"minecraft:mangrove_log":1,"crossbowverhaul:bolt_iron":78,"born_in_chaos_v1:shattered_skull":1,"minecraft:jukebox":1,"minecraft:acacia_log":49,"iceandfire:lightning_dragon_flesh":5,"alexsmobs:centipede_leg":2,"minecraft:rabbit_foot":1,"bloomingnature:chestnut_log":53,"iceandfire:deathworm_chitin_yellow":4,"iceandfire:fire_dragon_heart":2,"farmersdelight:rope":3,"supplementaries:ash":169,"supplementaries:quiver":1,"minecraft:netherite_chestplate":1,"minecraft:magma_block":4,"minecraft:feather":27,"minecraft:cooked_beef":2,"farmersdelight:rice":6,"born_in_chaos_v1:spiritual_dust":8,"minecraft:jungle_log":51,"minecraft:brown_wool":1,"minecraft:flint":1,"irons_spellbooks:concentration_amulet":4,"farmersdelight:tomato":124,"born_in_chaos_v1:nightmare_stalker_skull":1,"born_in_chaos_v1:marigolds":6,"irons_spellbooks:iron_spell_book":3,"minecraft:stonecutter":1,"rustic_engineer:book_dragon_fly":3,"iceandfire:armor_gray_chestplate":1,"minecraft:dark_oak_sign":12,"minecraft:diamond_helmet":2,"minecraft:glowstone_dust":2,"mmd:aejis_bandaid":6,"iceandfire:dragonscales_amythest":55,"rustic_engineer:book_abyssal_submarine":2,"rustic_engineer:dragonfly_item":2,"irons_spellbooks:legendary_ink":2,"iceandfire:dragon_skull_fire":2,"sophisticatedbackpacks:iron_backpack":3,"minecraft:ink_sac":2,"iceandfire:lightning_dragon_heart":1,"minecraft:fermented_spider_eye":2,"minecraft:loom":4,"iceandfire:myrmex_stinger":1,"minecraft:barrel":15,"alexsmobs:animal_dictionary":1,"minecraft:polished_andesite":2,"alexsmobs:guster_eye":2,"minecraft:granite":144,"minecraft:golden_horse_armor":1,"minecraft:bread":114,"alexsmobs:maggot":2,"born_in_chaos_v1:rotten_fish":1,"minecraft:dark_oak_fence":1,"iceandfire:raw_silver":12,"minecraft:diamond_pickaxe":1,"iceandfire:dragon_skull_lightning":3,"sophisticatedbackpacks:gold_backpack":2,"minecraft:coarse_dirt":1,"minecraft:crafting_table":4,"iceandfire:witherbone":4,"born_in_chaos_v1:seedof_chaos":11,"irons_spellbooks:tarnished_helmet":1,"minecraft:leather_leggings":2,"born_in_chaos_v1:missionary_hat_helmet":2,"born_in_chaos_v1:charmof_resistance":1,"gravestone:obituary":34,"born_in_chaos_v1:intoxicating_decoction":7,"minecraft:iron_shovel":1,"iceandfire:ghost_ingot":1,"iceandfire:graveyard_soil":13,"iceandfire:bestiary":1,"bloomingnature:small_cactus":1,"minecraft:beef":25,"born_in_chaos_v1:gnawed_bones":2,"minecraft:jungle_sapling":6,"minecraft:iron_nugget":162,"minecraft:poppy":1,"minecraft:spruce_slab":10,"supplementaries:rope":52,"minecraft:egg":1,"relics:magma_walker":2,"minecraft:sandstone":34,"minecraft:oak_door":5,"sophisticatedbackpacks:backpack":4,"farmersdelight:tomato_seeds":14,"minecraft:carrot":2,"born_in_chaos_v1:pieceofdarkmetal":56,"iceandfire:deathworm_chitin_white":11,"minecraft:redstone":8,"irons_spellbooks:evocation_rune":4,"minecraft:tnt":18,"irons_spellbooks:gold_spell_book":3,"born_in_chaos_v1:charmof_fury":1,"minecraft:diamond_chestplate":1,"minecraft:beetroot_seeds":5,"artifacts:snowshoes":15,"minecraft:deepslate_bricks":58,"relics:arrow_quiver":1,"minecraft:hay_block":232,"minecraft:cracked_deepslate_bricks":8,"minecraft:yellow_terracotta":1,"mowziesmobs:umvuthana_mask_bliss":3,"born_in_chaos_v1:spiny_shell":2,"minecraft:gold_ingot":13,"minecraft:totem_of_undying":1,"sophisticatedbackpacks:copper_backpack":2,"minecraft:glow_berries":7,"minecraft:mutton":5,"minecraft:rail":54,"minecraft:white_wool":8,"minecraft:oxeye_daisy":4,"minecraft:stripped_oak_log":16,"minecraft:lime_bed":2,"iceandfire:sea_serpent_fang":14,"born_in_chaos_v1:monster_flesh":37,"minecraft:filled_map":3,"waystones:sandy_waystone":5,"minecraft:oak_log":199,"grapplemod:staffupgradeitem":2,"farmersdelight:skillet":2,"alexsmobs:mosquito_proboscis":1,"minecraft:blue_bed":1,"minecraft:paper":55,"mowziesmobs:umvuthana_mask_rage":1,"minecraft:apple":2,"minecraft:stone_bricks":5,"born_in_chaos_v1:smoked_flesh":64,"minecraft:stone_pickaxe":8,"minecraft:cobweb":11,"relics:infinity_ham":2,"minecraft:iron_sword":6,"minecraft:dark_oak_stairs":7,"iceandfire:copper_nugget":12,"minecraft:dark_oak_slab":1,"iceandfire:sea_serpent_scales_green":3,"minecraft:yellow_concrete":6,"born_in_chaos_v1:orbofthe_summoner":1,"born_in_chaos_v1:ethereal_spirit":21,"bloomingnature:amaryllis":1,"minecraft:gravel":16,"minecraft:spruce_log":2,"minecraft:slime_ball":1,"minecraft:baked_potato":20,"minecraft:stripped_dark_oak_log":13,"minecraft:ender_pearl":8,"irons_spellbooks:scroll":12,"iceandfire:deathworm_egg":4,"minecraft:wheat":426,"rustic_engineer:wooden_box":2,"minecraft:potion":2,"minecraft:stone_brick_stairs":1,"rustic_engineer:iron_plate":39,"minecraft:raw_copper":556,"minecraft:iron_leggings":4,"minecraft:armor_stand":3,"minecraft:activator_rail":3,"alexsmobs:blood_sac":1,"irons_spellbooks:arcane_essence":14,"minecraft:deepslate_tiles":11,"minecraft:smooth_stone":8,"minecraft:bucket":2,"artifacts:aqua_dashers":20,"grapplemod:grapplinghook":1,"born_in_chaos_v1:stimulating_decoction":2,"bloomingnature:chestnut_planks":2,"irons_spellbooks:inscription_table":1,"farmersdelight:cabbage_seeds":5,"minecraft:iron_boots":3,"minecraft:furnace":1,"minecraft:tipped_arrow":3,"minecraft:stick":77,"iceandfire:ghost_chest":1,"minecraft:acacia_fence":1,"farmersdelight:rotten_tomato":4,"minecraft:oak_fence":21,"born_in_chaos_v1:phantom_powder":2,"minecraft:torch":136,"minecraft:spruce_stairs":12,"minecraft:porkchop":28,"iceandfire:crackled_gravel":1,"minecraft:diorite":197,"born_in_chaos_v1:nightmare_claw":13,"minecraft:goat_horn":2,"minecraft:cactus":4,"minecraft:rotten_flesh":527,"alexsmobs:emu_egg":2,"iceandfire:myrmex_desert_chitin":2,"minecraft:green_wool":6,"minecraft:obsidian":8,"minecraft:cod":1,"minecraft:cobblestone":1217,"paraglider:paraglider":1,"minecraft:leather_chestplate":2,"minecraft:magma_cream":1,"minecraft:andesite":219,"grapplemod:baseupgradeitem":1,"minecraft:potato":73,"born_in_chaos_v1:staff_of_magic_arrows":2,"paraglider:spirit_orb":168,"mmd:omen":4,"minecraft:lapis_lazuli":154,"minecraft:dirt":1160,"iceandfire:dragonscales_bronze":31,"born_in_chaos_v1:monster_skin":37,"minecraft:leather_boots":1,"irons_spellbooks:hogskin":3,"minecraft:bone":309,"bloomingnature:bluebell":4,"minecraft:acacia_planks":1,"minecraft:bow":8,"minecraft:wheat_seeds":675,"minecraft:raw_gold":29,"minecraft:grindstone":4,"minecraft:oak_planks":189,"irons_spellbooks:fireward_ring":18,"minecraft:cooked_porkchop":20,"minecraft:poisonous_potato":4,"minecraft:jungle_planks":5,"minecraft:sand":114,"minecraft:grass_block":4,"minecraft:dead_bush":17,"minecraft:lily_of_the_valley":2,"minecraft:chiseled_sandstone":6,"minecraft:mossy_cobblestone":3,"minecraft:sugar":6,"born_in_chaos_v1:fire_dust":2,"minecraft:diamond":12,"iceandfire:fire_dragon_blood":1,"bloomingnature:swamp_oak_log":37,"waystones:waystone":4,"alexsmobs:rattlesnake_rattle":2,"minecraft:crossbow":9,"minecraft:bone_meal":7,"minecraft:golden_apple":5,"minecraft:emerald":13,"minecraft:oak_sapling":9,"minecraft:netherrack":244,"irons_spellbooks:uncommon_ink":1,"relics:space_dissector":3,"minecraft:fishing_rod":1,"minecraft:charcoal":1,"born_in_chaos_v1:diamond_termite_shard":12,"minecraft:allium":1,"artifacts:night_vision_goggles":2,"minecraft:chicken":1,"minecraft:ladder":1,"minecraft:turtle_helmet":1,"minecraft:chest_minecart":13,"minecraft:chain":1,"minecraft:shield":2,"minecraft:oak_trapdoor":11,"minecraft:iron_axe":2,"minecraft:wooden_sword":1,"minecraft:cyan_carpet":1,"mmd:disc_scraps":6,"graveyard:corruption":1,"minecraft:oak_boat":5,"minecraft:sugar_cane":5,"minecraft:spruce_trapdoor":15,"minecraft:phantom_membrane":2,"minecraft:raw_iron":112,"iceandfire:dragonscales_gray":4,"iceandfire:dragonbone":79,"iceandfire:dragonscales_green":41,"minecraft:copper_ingot":2,"iceandfire:deathworm_chitin_red":13,"minecraft:note_block":22,"artifacts:vampiric_glove":16,"iammusicplayer:cassette_tape":4,"iceandfire:deathworm_egg_giant":2,"minecraft:stone_pressure_plate":3,"alexsmobs:crocodile_scute":2,"minecraft:dark_oak_planks":14,"iceandfire:silver_ingot":1,"minecraft:arrow":117,"minecraft:jungle_stairs":2,"alexscaves:spelunkery_table":1,"minecraft:black_banner":1,"minecraft:brick_stairs":1,"rustic_engineer:rustic_hammer":1,"minecraft:skeleton_skull":2,"born_in_chaos_v1:fused_bone":9,"minecraft:cracked_deepslate_tiles":3,"mowziesmobs:umvuthana_mask_fury":1,"born_in_chaos_v1:corpse_maggot":58,"minecraft:air":165,"artifacts:digging_claws":17,"minecraft:glow_ink_sac":12,"grapplemod:launcheritem":2,"minecraft:leather":37,"minecraft:cut_sandstone":14,"bloomingnature:swamp_oak_planks":26,"minecraft:birch_planks":13,"bloomingnature:genisteae":7,"artifacts:superstitious_hat":11,"iceandfire:ectoplasm":12,"minecraft:yellow_bed":1,"artifacts:cloud_in_a_bottle":9,"minecraft:gunpowder":12,"minecraft:cobblestone_stairs":2,"mca:book_romance":1,"naturalist:glow_goop":1,"irons_spellbooks:rare_ink":1,"iceandfire:deathworm_tounge":1,"minecraft:orange_terracotta":13,"minecraft:cooked_mutton":1,"irons_spellbooks:common_ink":14,"minecraft:red_carpet":7,"bloomingnature:foxglove_white":6,"bloomingnature:swamp_oak_sapling":1,"minecraft:rabbit_hide":11,"minecraft:iron_ingot":80,"iceandfire:fire_dragon_flesh":4,"mowziesmobs:umvuthana_mask_misery":2,"minecraft:book":64,"minecraft:chiseled_stone_bricks":1,"minecraft:stone_brick_slab":1,"iceandfire:ash":102,"minecraft:quartz":5,"minecraft:dandelion":8,"born_in_chaos_v1:dark_rod":17,"minecraft:blast_furnace":12,"minecraft:white_bed":2,"minecraft:spider_eye":7,"minecraft:brick_slab":3,"minecraft:pumpkin_seeds":8,"xpbook:xp_tome":1,"minecraft:iron_helmet":2,"minecraft:terracotta":13,"minecraft:netherite_hoe":3,"minecraft:magenta_concrete":2,"minecraft:coal":401},"minecraft:killed":{"minecraft:cave_spider":13,"born_in_chaos_v1:restless_spirit":13,"graveyard:wraith":1,"born_in_chaos_v1:siamese_skeletonsright":6,"born_in_chaos_v1:baby_skeleton_minion":5,"minecraft:skeleton":161,"minecraft:chicken":2,"born_in_chaos_v1:skeleton_thrasher":3,"alexsmobs:centipede_head":1,"born_in_chaos_v1:supreme_bonescaller_stage_2":1,"alexsmobs:skelewag":1,"irons_spellbooks:archevoker":2,"minecraft:magma_cube":4,"bloomingnature:termite":77,"minecraft:pillager":111,"irons_spellbooks:summoned_vex":1,"minecraft:zombie":265,"born_in_chaos_v1:corpse_fly":28,"minecraft:glow_squid":1,"iceandfire:lightning_dragon":4,"born_in_chaos_v1:door_knight":10,"iceandfire:sea_serpent":2,"minecraft:cow":9,"minecraft:evoker":1,"graveyard:nightmare":1,"minecraft:vindicator":12,"born_in_chaos_v1:thornshell_crab":1,"born_in_chaos_v1:firelight":2,"born_in_chaos_v1:barrel_zombie":1,"born_in_chaos_v1:spiritof_chaos":2,"born_in_chaos_v1:spirit_guide":5,"minecraft:husk":58,"alexsmobs:guster":8,"graveyard:ghoul":1,"born_in_chaos_v1:bone_imp_minion":9,"minecraft:ravager":1,"born_in_chaos_v1:decrepit_skeleton":35,"born_in_chaos_v1:bloody_gadfly":1,"alexsmobs:crocodile":1,"iceandfire:ghost":20,"born_in_chaos_v1:dark_vortex":6,"minecraft:enderman":12,"born_in_chaos_v1:lifestealer_true_form":1,"born_in_chaos_v1:zombie_clown":5,"minecraft:witch":3,"graveyard:skeleton_creeper":1,"irons_spellbooks:pyromancer":1,"minecraft:spider":34,"born_in_chaos_v1:scarlet_persecutor":4,"irons_spellbooks:summoned_skeleton":4,"born_in_chaos_v1:firelight_not_despawn":1,"alexsmobs:triops":1,"artifacts:mimic":2,"born_in_chaos_v1:bonescaller":4,"minecraft:pig":7,"born_in_chaos_v1:diamond_termite":48,"minecraft:zombie_villager":12,"irons_spellbooks:necromancer":7,"minecraft:creeper":16,"alexsmobs:crimson_mosquito":3,"minecraft:sheep":3,"born_in_chaos_v1:dread_hound":25,"minecraft:ghast":1,"alexsmobs:fly":4,"mowziesmobs:umvuthana_raptor":1,"born_in_chaos_v1:siamese_skeletonsleft":4,"born_in_chaos_v1:missioner":3,"irons_spellbooks:summoned_zombie":9,"alexsmobs:rattlesnake":2,"born_in_chaos_v1:zombie_bruiser":11,"born_in_chaos_v1:maggot":85,"minecraft:phantom":3,"born_in_chaos_v1:baby_spider":4,"iceandfire:fire_dragon":4,"minecraft:drowned":16,"born_in_chaos_v1:corpse_fish":7,"naturalist:cardinal":1,"iceandfire:deathworm":15,"mowziesmobs:umvuthana":11,"iceandfire:myrmex_sentinel":1,"born_in_chaos_v1:fallen_chaos_knight":1,"born_in_chaos_v1:baby_skeleton":18,"born_in_chaos_v1:swarmer":1,"born_in_chaos_v1:spirit_guide_assistant":14,"takesapillage:skirmisher":2,"mowziesmobs:umvuthana_follower_raptor":4,"minecraft:hoglin":8,"alexsmobs:emu":1,"born_in_chaos_v1:phantom_creeper_copy":3,"born_in_chaos_v1:decaying_zombie":15,"born_in_chaos_v1:nightmare_stalker":11,"naturalist:canary":1,"minecraft:wither_skeleton":8},"minecraft:dropped":{"sophisticatedbackpacks:iron_backpack":2,"minecraft:iron_sword":4,"minecraft:porkchop":11,"minecraft:lapis_lazuli":16,"minecraft:cooked_beef":4,"minecraft:glow_ink_sac":6,"minecraft:glass_bottle":1,"minecraft:crafting_table":4,"minecraft:cooked_porkchop":24,"irons_spellbooks:fireward_ring":2,"minecraft:dark_oak_slab":1,"minecraft:crossbow":1,"relics:infinity_ham":2,"artifacts:cloud_in_a_bottle":1,"iceandfire:ectoplasm":9,"xpbook:xp_tome":2,"iceandfire:deathworm_egg_giant":1,"minecraft:light_weighted_pressure_plate":2,"minecraft:rail":1,"minecraft:red_carpet":4,"minecraft:emerald":1,"sophisticatedbackpacks:gold_backpack":1,"born_in_chaos_v1:monster_flesh":14,"minecraft:dirt":227,"mmd:lost":1,"artifacts:thorn_pendant":1,"minecraft:dark_oak_fence":1,"minecraft:dark_oak_trapdoor":1,"irons_spellbooks:gold_spell_book":1,"minecraft:jungle_sapling":3,"minecraft:chain":1,"minecraft:gold_nugget":14,"minecraft:wooden_sword":2,"minecraft:bone_meal":2,"minecraft:iron_pickaxe":2,"minecraft:phantom_membrane":1,"minecraft:sand":25,"minecraft:sugar":5,"iceandfire:fire_dragon_blood":1,"minecraft:dark_oak_planks":9,"minecraft:white_wool":3,"minecraft:blue_bed":1,"minecraft:cyan_carpet":1,"minecraft:bone":41,"minecraft:green_wool":6,"minecraft:goat_horn":2,"minecraft:iron_nugget":17,"alexsmobs:animal_dictionary":1,"minecraft:cobbled_deepslate":6,"minecraft:wheat":103,"born_in_chaos_v1:smoked_flesh":7,"minecraft:rotten_flesh":136,"minecraft:grindstone":2,"minecraft:oak_planks":84,"waystones:sandy_waystone":1,"minecraft:glowstone_dust":2,"iammusicplayer:boombox":1,"alexsmobs:emu_egg":2,"iceandfire:crackled_gravel":1,"minecraft:lime_bed":1,"minecraft:tipped_arrow":16,"minecraft:brick_stairs":1,"minecraft:jungle_stairs":2,"minecraft:leather_boots":1,"minecraft:leather_leggings":2,"iceandfire:deathworm_chitin_white":11,"minecraft:spruce_slab":5,"mmd:disc_scraps":12,"minecraft:beef":3,"mmd:trailsand_tails":1,"iammusicplayer:cassette_tape":4,"minecraft:acacia_fence":1,"minecraft:enchanted_book":6,"minecraft:iron_ingot":57,"minecraft:wheat_seeds":67,"minecraft:tnt":9,"minecraft:feather":1,"minecraft:cobblestone":96,"minecraft:oak_fence":3,"minecraft:iron_helmet":3,"minecraft:book":1,"alexsmobs:rattlesnake_rattle":2,"rustic_engineer:wooden_box":4,"minecraft:granite":9,"minecraft:coal":102,"minecraft:polished_andesite":2,"minecraft:oxeye_daisy":3,"minecraft:cobweb":9,"iceandfire:deathworm_chitin_red":13,"born_in_chaos_v1:gnawed_bones":1,"relics:roller_skates":2,"iceandfire:copper_nugget":12,"minecraft:dead_bush":17,"minecraft:oak_stairs":17,"minecraft:paper":72,"minecraft:string":54,"iceandfire:dragon_skull_fire":2,"minecraft:stone_brick_slab":1,"alexsmobs:crocodile_scute":2,"rustic_engineer:dragonfly_item":1,"minecraft:netherite_hoe":1,"minecraft:diamond_hoe":1,"irons_spellbooks:uncommon_ink":1,"born_in_chaos_v1:rotten_fish":1,"minecraft:chicken":1,"minecraft:iron_boots":1,"sophisticatedbackpacks:backpack":2,"minecraft:hay_block":26,"minecraft:potato":18,"minecraft:allium":1,"minecraft:spruce_trapdoor":9,"grapplemod:staffupgradeitem":1,"minecraft:diamond_pickaxe":1,"grapplemod:launcheritem":1,"minecraft:stone_pressure_plate":3,"minecraft:stone_bricks":2,"minecraft:spider_eye":5,"minecraft:sandstone":34,"sophisticatedbackpacks:copper_backpack":1,"relics:arrow_quiver":1,"minecraft:bow":3,"minecraft:magma_block":4,"minecraft:brick_slab":2,"farmersdelight:tomato":14,"iceandfire:dragon_skull_lightning":2,"minecraft:terracotta":6,"minecraft:birch_planks":5,"minecraft:dark_oak_stairs":3,"minecraft:oak_log":24,"minecraft:baked_potato":8,"relics:jellyfish_necklace":1,"iceandfire:fire_dragon_flesh":4,"minecraft:leather":33,"minecraft:chest_minecart":9,"minecraft:jungle_planks":4,"relics:horse_flute":1,"minecraft:cod":1,"farmersdelight:rice":2,"paraglider:spirit_orb":53,"rustic_engineer:rustic_hammer":1,"artifacts:night_vision_goggles":3,"irons_spellbooks:hogskin":3,"minecraft:cut_sandstone":11,"gravestone:obituary":79,"iceandfire:ash":60,"paraglider:paraglider":2,"irons_spellbooks:emerald_stoneplate_ring":1,"minecraft:gold_ingot":1,"minecraft:armor_stand":1,"minecraft:gravel":1,"born_in_chaos_v1:ethereal_spirit":10,"artifacts:villager_hat":1,"relics:space_dissector":3,"minecraft:carrot":1,"minecraft:rabbit_hide":4,"minecraft:leather_chestplate":2,"supplementaries:ash":32,"born_in_chaos_v1:seedof_chaos":5,"minecraft:gunpowder":10,"born_in_chaos_v1:corpse_maggot":35,"minecraft:chainmail_boots":1,"born_in_chaos_v1:diamond_termite_shard":5,"bloomingnature:small_cactus":1,"minecraft:arrow":33,"minecraft:quartz":42,"iceandfire:deathworm_chitin_yellow":4,"minecraft:netherrack":190,"born_in_chaos_v1:dark_rod":2,"minecraft:bread":195,"bloomingnature:foxglove_white":1,"iceandfire:deathworm_egg":3,"iceandfire:dragonscales_green":41,"minecraft:yellow_concrete":6,"minecraft:poisonous_potato":3,"minecraft:prismarine_shard":2,"minecraft:lead":2,"grapplemod:grapplinghook":2,"minecraft:activator_rail":1,"minecraft:copper_ingot":1,"born_in_chaos_v1:charmof_power":2,"iceandfire:lightning_dragon_flesh":2,"minecraft:spruce_stairs":12,"minecraft:grass_block":3,"minecraft:stick":34,"irons_spellbooks:scroll":3,"mca:book_romance":1,"minecraft:diorite":2,"minecraft:brewing_stand":1,"minecraft:torch":53,"born_in_chaos_v1:fused_bone":1,"minecraft:iron_leggings":2,"minecraft:wither_rose":1,"irons_spellbooks:common_ink":10,"minecraft:iron_axe":1,"minecraft:cactus":4,"minecraft:bucket":4,"iceandfire:dragonscales_bronze":10,"minecraft:redstone":3,"iceandfire:dragonbone":6,"minecraft:chiseled_sandstone":3,"farmersdelight:rotten_tomato":2,"alexsmobs:maggot":2,"rustic_engineer:book_dragon_fly":1,"minecraft:raw_iron":8,"iceandfire:witherbone":3,"minecraft:iron_hoe":1,"minecraft:smoker":1,"born_in_chaos_v1:spiritual_dust":2,"mmd:omen":1,"minecraft:totem_of_undying":1,"minecraft:deepslate_bricks":58,"minecraft:filled_map":4,"minecraft:shield":1,"iceandfire:armor_gray_chestplate":1,"minecraft:diamond_chestplate":1,"minecraft:orange_terracotta":7,"minecraft:iron_chestplate":4,"minecraft:andesite":24,"minecraft:oak_sapling":3,"artifacts:cross_necklace":1,"iceandfire:fire_dragon_heart":2,"minecraft:stone_pickaxe":9,"minecraft:wooden_pickaxe":1},"minecraft:mined":{"minecraft:dark_oak_planks":19,"minecraft:white_bed":2,"minecraft:jungle_leaves":14,"minecraft:obsidian":8,"minecraft:granite":280,"minecraft:acacia_log":49,"minecraft:jungle_log":18,"bloomingnature:chestnut_leaves":67,"minecraft:deepslate_bricks":23,"minecraft:coal_block":7,"minecraft:oxeye_daisy":2,"realmrpg_skeletons:explorer_skeleton":2,"minecraft:chiseled_stone_bricks":1,"minecraft:spawner":41,"minecraft:orange_concrete":4,"minecraft:dark_oak_trapdoor":1,"minecraft:cobbled_deepslate":5,"minecraft:barrel":16,"minecraft:fire":39,"minecraft:moss_carpet":1,"minecraft:deepslate_lapis_ore":10,"minecraft:granite_slab":1,"realmrpg_skeletons:devastated_skeleton":1,"iceandfire:gold_pile":121,"minecraft:dirt_path":51,"minecraft:oak_stairs":127,"minecraft:green_carpet":2,"minecraft:cut_sandstone":11,"bloomingnature:chestnut_log":65,"minecraft:torch":1,"minecraft:note_block":24,"minecraft:blast_furnace":13,"minecraft:melon":4,"realmrpg_skeletons:duelist_skeleton":6,"minecraft:dead_bush":57,"minecraft:nether_brick_slab":1,"minecraft:skeleton_skull":2,"minecraft:wheat":216,"minecraft:jukebox":3,"minecraft:stone_brick_stairs":1,"minecraft:grass":400,"minecraft:loom":2,"minecraft:stonecutter":1,"mmd:turn_table":2,"realmrpg_skeletons:hunted_skeleton":2,"realmrpg_skeletons:buried_skeleton":2,"minecraft:deepslate":308,"minecraft:yellow_terracotta":1,"realmrpg_skeletons:swimmer_skeleton":3,"minecraft:deepslate_tiles":11,"iceandfire:silver_ore":14,"minecraft:mossy_cobblestone":3,"realmrpg_skeletons:shot_skeleton":1,"minecraft:cyan_stained_glass":2,"minecraft:cobbled_deepslate_slab":1,"born_in_chaos_v1:black_argillite":1,"graveyard:tg_deepslate":8,"minecraft:packed_mud":1,"realmrpg_skeletons:cactus_skeleton":1,"minecraft:andesite":284,"minecraft:potatoes":19,"minecraft:vine":16,"minecraft:rail":96,"realmrpg_skeletons:arrow_skeleton":2,"irons_spellbooks:inscription_table":1,"minecraft:green_wool":6,"minecraft:smithing_table":1,"minecraft:glass_pane":5,"bloomingnature:swamp_oak_planks":27,"minecraft:lily_of_the_valley":1,"minecraft:stone_brick_slab":3,"minecraft:dandelion":6,"minecraft:tall_grass":249,"minecraft:copper_ore":125,"farmersdelight:wild_tomatoes":11,"minecraft:deepslate_gold_ore":2,"minecraft:cracked_deepslate_bricks":9,"minecraft:diorite":226,"minecraft:coarse_dirt":6,"minecraft:birch_leaves":6,"minecraft:gravel":7,"minecraft:dripstone_block":2,"minecraft:cobweb":185,"minecraft:brown_terracotta":15,"minecraft:stone_bricks":5,"minecraft:gold_ore":26,"minecraft:fern":9,"minecraft:stone_pressure_plate":2,"iceandfire:graveyard_soil":29,"minecraft:oak_sapling":1,"minecraft:farmland":3,"minecraft:cobblestone_stairs":2,"minecraft:brewing_stand":1,"minecraft:spruce_trapdoor":11,"minecraft:grass_block":552,"bloomingnature:genisteae":7,"minecraft:soul_soil":1,"realmrpg_skeletons:dungeon_crawler_skeleton":6,"minecraft:smooth_stone":8,"supplementaries:ash":88,"minecraft:iron_ore":119,"minecraft:dark_oak_stairs":8,"realmrpg_skeletons:rookie_skeleton":3,"minecraft:pointed_dripstone":1,"minecraft:spruce_slab":5,"realmrpg_skeletons:shroom_skeleton":1,"minecraft:orange_terracotta":13,"minecraft:light_gray_terracotta":1,"minecraft:calcite":3,"iceandfire:ghost_chest":1,"minecraft:nether_quartz_ore":5,"minecraft:cobblestone":201,"minecraft:grindstone":3,"minecraft:oak_planks":115,"minecraft:wall_torch":3,"minecraft:seagrass":3,"realmrpg_skeletons:bow_skeleton":3,"minecraft:dark_oak_slab":1,"minecraft:birch_trapdoor":1,"realmrpg_skeletons:acrobat_skeleton":1,"minecraft:tnt":13,"minecraft:cracked_deepslate_tiles":7,"minecraft:oak_log":158,"minecraft:beetroots":1,"minecraft:sand":78,"minecraft:dirt":398,"minecraft:netherrack":276,"minecraft:oak_leaves":55,"alexscaves:spelunkery_table":2,"minecraft:red_carpet":5,"bloomingnature:termite_mound":47,"minecraft:deepslate_diamond_ore":5,"realmrpg_skeletons:dusty_skeleton":3,"minecraft:oak_door":2,"born_in_chaos_v1:infected_diamond_ore":28,"realmrpg_skeletons:common_skeleton":2,"minecraft:ladder":3,"gravestone:gravestone":52,"minecraft:brick_stairs":1,"minecraft:sandstone":44,"minecraft:rooted_dirt":1,"iceandfire:chared_grass":1,"minecraft:large_fern":19,"minecraft:hay_block":208,"realmrpg_skeletons:skeleton_from_the_sky":2,"minecraft:oak_trapdoor":12,"minecraft:chiseled_sandstone":3,"bloomingnature:swamp_oak_leaves":4,"minecraft:bookshelf":19,"minecraft:deepslate_iron_ore":8,"minecraft:stripped_oak_log":16,"minecraft:stone":1550,"realmrpg_skeletons:trident_skeleton":1,"bloomingnature:bluebell":2,"bloomingnature:quicksand":1,"minecraft:podzol":5,"mmd:aejis_bandaid_ore":6,"supplementaries:book_pile_horizontal":3,"minecraft:acacia_leaves":3,"realmrpg_skeletons:slain_skeleton":1,"minecraft:stripped_dark_oak_log":14,"rustic_engineer:iron_plate_placed":39,"minecraft:oak_fence":20,"minecraft:crafting_table":2,"bloomingnature:foxglove_white":4,"realmrpg_skeletons:quicksand_skeleton":5,"minecraft:blue_bed":2,"supplementaries:urn":10,"minecraft:lime_bed":1,"minecraft:birch_planks":8,"minecraft:cactus":1,"minecraft:brick_slab":1,"bloomingnature:swamp_oak_log":42,"minecraft:black_wall_banner":1,"iceandfire:ash":23,"minecraft:yellow_bed":1,"minecraft:coal_ore":288,"minecraft:cyan_carpet":1,"minecraft:terracotta":15,"minecraft:polished_andesite":1},"minecraft:crafted":{"minecraft:yellow_wool":9,"minecraft:diamond_shovel":1,"minecraft:cooked_mutton":3,"l2weaponry:diamond_machete":1,"bloomingnature:swamp_oak_boat":1,"born_in_chaos_v1:soul_cutlass":1,"minecraft:emerald":7,"minecraft:cooked_porkchop":17,"minecraft:diamond_axe":1,"l2weaponry:reinforced_handle":2,"minecraft:copper_ingot":288,"minecraft:iron_pickaxe":5,"minecraft:iron_block":12,"minecraft:gold_ingot":134,"minecraft:stone_shovel":1,"vanillaplustools:stone_hammer":2,"minecraft:iron_nugget":9,"sophisticatedbackpacks:stack_upgrade_tier_1":2,"iceandfire:armor_amythest_helmet":1,"minecraft:bone_meal":45,"minecraft:diamond":5,"l2weaponry:iron_round_shield":1,"minecraft:ender_pearl":1,"minecraft:stone_pickaxe":21,"minecraft:dark_oak_planks":44,"minecraft:lead":2,"minecraft:wheat":640,"minecraft:coal_block":17,"sophisticatedbackpacks:gold_backpack":1,"born_in_chaos_v1:dark_metal_nugget":9,"minecraft:oak_stairs":100,"minecraft:iron_shovel":1,"minecraft:iron_leggings":2,"iceandfire:armor_bronze_leggings":1,"minecraft:oak_planks":304,"rustic_engineer:wooden_box":3,"iceandfire:armor_amythest_leggings":1,"born_in_chaos_v1:dark_metal_ingot":1,"minecraft:bow":2,"minecraft:iron_boots":2,"minecraft:chest":4,"minecraft:copper_block":16,"minecraft:oak_fence":12,"minecraft:smoker":1,"sophisticatedbackpacks:backpack":1,"minecraft:crafting_table":7,"minecraft:spruce_planks":8,"minecraft:iron_helmet":2,"minecraft:wooden_pickaxe":1,"minecraft:baked_potato":25,"bloomingnature:swamp_oak_planks":148,"rustic_engineer:engine":3,"minecraft:gold_block":15,"sophisticatedbackpacks:upgrade_base":4,"farmersdelight:skillet":1,"minecraft:tnt":3,"minecraft:iron_chestplate":1,"minecraft:shield":4,"minecraft:yellow_dye":9,"minecraft:diamond_pickaxe":1,"sophisticatedbackpacks:diamond_backpack":1,"minecraft:stick":68,"minecraft:iron_ingot":223,"minecraft:stone_sword":1,"xpbook:xp_tome":2,"minecraft:wooden_sword":1,"bloomingnature:chestnut_planks":88,"minecraft:redstone":2,"minecraft:coal":216,"rustic_engineer:rustic_hammer":1,"minecraft:furnace":3,"sophisticatedbackpacks:stack_upgrade_starter_tier":2,"rustic_engineer:iron_pieces":27,"minecraft:oak_trapdoor":6,"rustic_engineer:gear":16,"minecraft:leather":6,"born_in_chaos_v1:bone_handle":1,"minecraft:iron_axe":1,"grapplemod:grapplinghook":3,"minecraft:iron_hoe":1,"rustic_engineer:movable_parts":3,"iceandfire:armor_bronze_chestplate":1,"paraglider:paraglider":2,"minecraft:cooked_beef":16,"sophisticatedbackpacks:iron_backpack":2,"iceandfire:silver_ingot":1,"iceandfire:armor_bronze_boots":1,"minecraft:iron_sword":4,"iceandfire:armor_amythest_boots":1,"minecraft:bucket":6,"minecraft:mangrove_planks":4,"minecraft:bread":316,"minecraft:air":0,"crossbowverhaul:bolt_iron":48,"minecraft:oak_boat":2,"minecraft:white_wool":20,"rustic_engineer:dragonfly_item":3,"bettertools:diamond_paxel":1,"minecraft:anvil":1,"minecraft:acacia_planks":24,"minecraft:torch":176,"minecraft:lapis_lazuli":1}},"DataVersion":3465}