{"stats":{"minecraft:mined":{"minecraft:grass":1,"minecraft:oak_log":2,"minecraft:dirt_path":1,"minecraft:tall_grass":3},"minecraft:killed":{"minecraft:pillager":1},"minecraft:crafted":{"minecraft:wooden_sword":1,"minecraft:oak_planks":4,"minecraft:stick":4},"minecraft:custom":{"minecraft:open_chest":2,"minecraft:time_since_rest":338,"minecraft:deaths":2,"minecraft:play_time":26994,"minecraft:sprint_one_cm":28273,"minecraft:damage_taken":875,"minecraft:walk_one_cm":127938,"minecraft:walk_under_water_one_cm":7566,"minecraft:mob_kills":1,"minecraft:jump":158,"minecraft:damage_dealt":404,"minecraft:leave_game":2,"minecraft:walk_on_water_one_cm":1563,"minecraft:time_since_death":206,"minecraft:climb_one_cm":1694,"minecraft:total_world_time":26994,"minecraft:interact_with_crafting_table":2,"minecraft:fall_one_cm":7588,"minecraft:fly_one_cm":15751,"minecraft:open_barrel":1},"minecraft:used":{"minecraft:dirt":1,"minecraft:wooden_sword":7,"minecraft:goat_horn":1,"minecraft:bread":6,"alexsmobs:animal_dictionary":1},"minecraft:picked_up":{"paraglider:paraglider":1,"sophisticatedbackpacks:backpack":1,"minecraft:oak_log":1,"minecraft:bread":6,"minecraft:iron_bars":1,"minecraft:dirt":1,"crossbowverhaul:bolt_iron":5}},"DataVersion":3465}