{"stats":{"minecraft:killed_by":{"minecraft:player":1},"minecraft:dropped":{"minecraft:wheat_seeds":15,"mca:bouquet":1,"relics:jellyfish_necklace":1,"minecraft:cobblestone":54,"minecraft:granite":64,"minecraft:copper_ingot":7,"minecraft:leather_helmet":2,"minecraft:oxeye_daisy":1,"minecraft:dirt":103,"minecraft:packed_mud":8,"mmd:turn_table":1,"bloomingnature:swamp_oak_log":6,"iceandfire:armor_silver_metal_leggings":1,"minecraft:wooden_sword":1,"gravestone:obituary":1,"irons_spellbooks:rotten_spell_book":1,"minecraft:smooth_stone":1,"minecraft:bucket":2,"minecraft:dandelion":3,"minecraft:gravel":4,"alexsmobs:maggot":2,"minecraft:oak_trapdoor":8,"irons_spellbooks:diamond_spell_book":1,"minecraft:golden_chestplate":1,"minecraft:jukebox":1,"minecraft:tuff":71,"minecraft:wheat":1,"born_in_chaos_v1:rotten_fish":1,"minecraft:rotten_flesh":6,"bloomingnature:ebony_sapling":1,"bloomingnature:cobbled_laterit":2,"minecraft:poppy":1,"minecraft:stone":1,"iceandfire:armor_silver_metal_boots":1,"minecraft:gunpowder":1,"minecraft:andesite":64,"born_in_chaos_v1:corpse_maggot":6,"minecraft:leather_leggings":2,"bloomingnature:begonie":1,"minecraft:bamboo":1,"bloomingnature:barrel_cactus":1},"minecraft:mined":{"minecraft:tuff":1,"iceandfire:silver_ore":3,"bloomingnature:termite_mound":1,"minecraft:carved_pumpkin":2,"minecraft:potted_dead_bush":1,"gravestone:gravestone":4,"minecraft:granite":15,"sophisticatedbackpacks:iron_backpack":1,"minecraft:acacia_log":48,"minecraft:grass_block":89,"bloomingnature:laterit":2,"bloomingnature:genisteae":1,"minecraft:crimson_fungus":1,"minecraft:oxeye_daisy":6,"minecraft:large_fern":10,"minecraft:hay_block":18,"minecraft:oak_trapdoor":8,"minecraft:packed_mud":4,"minecraft:furnace":3,"minecraft:iron_ore":7,"minecraft:andesite":10,"minecraft:pumpkin":1,"minecraft:pointed_dripstone":6,"minecraft:dirt_path":8,"minecraft:vine":1,"bloomingnature:tall_red_oat_grass":4,"bloomingnature:bluebell":1,"minecraft:stone":619,"minecraft:orange_bed":1,"minecraft:acacia_leaves":5,"bloomingnature:barrel_cactus":1,"minecraft:dandelion":1,"minecraft:crafting_table":2,"minecraft:cornflower":6,"minecraft:torch":2,"minecraft:blast_furnace":1,"minecraft:poppy":2,"minecraft:chest":1,"minecraft:dead_bush":1,"minecraft:glass":1,"minecraft:tall_grass":66,"minecraft:cobblestone":34,"minecraft:diorite":4,"minecraft:wall_torch":3,"supplementaries:urn":1,"bloomingnature:red_oat_grass":9,"realmrpg_skeletons:bow_skeleton":1,"bloomingnature:swamp_oak_log":10,"minecraft:yellow_bed":2,"minecraft:stone_brick_stairs":2,"minecraft:grass":196,"minecraft:oak_log":24,"minecraft:coal_ore":130,"minecraft:acacia_fence":4,"minecraft:dirt":147,"minecraft:cracked_stone_bricks":4,"minecraft:stone_bricks":1,"minecraft:oak_leaves":9,"minecraft:fern":5},"minecraft:used":{"bloomingnature:genisteae":1,"sophisticatedbackpacks:iron_backpack":1,"minecraft:carved_pumpkin":1,"minecraft:chest":2,"minecraft:shield":105,"minecraft:stone":324,"minecraft:iron_sword":279,"minecraft:cooked_chicken":3,"minecraft:oak_door":1,"minecraft:orange_bed":1,"minecraft:torch":15,"minecraft:dirt":156,"minecraft:mutton":2,"minecraft:carrot":2,"naturalist:cooked_bass":1,"minecraft:tuff":1,"minecraft:golden_shovel":36,"minecraft:granite":2,"minecraft:milk_bucket":3,"born_in_chaos_v1:corpse_maggot":2,"minecraft:lava_bucket":13,"minecraft:iron_axe":163,"bloomingnature:swamp_oak_boat":2,"minecraft:stone_bricks":1,"minecraft:bow":2,"minecraft:furnace":5,"minecraft:oak_sapling":1,"minecraft:acacia_fence":118,"minecraft:cooked_beef":2,"minecraft:pumpkin":1,"minecraft:pointed_dripstone":6,"minecraft:cooked_mutton":16,"minecraft:water_bucket":15,"minecraft:stone_pickaxe":385,"minecraft:cracked_stone_bricks":4,"minecraft:crafting_table":2,"minecraft:blast_furnace":1,"minecraft:flower_pot":1,"minecraft:apple":3,"minecraft:bread":43,"minecraft:iron_pickaxe":503,"minecraft:wooden_sword":9,"minecraft:cobblestone":78,"born_in_chaos_v1:rotten_fish":1,"minecraft:cooked_porkchop":10,"minecraft:bucket":33,"minecraft:yellow_bed":2,"alexsmobs:animal_dictionary":3,"minecraft:jukebox":1},"minecraft:crafted":{"minecraft:oak_door":3,"minecraft:smooth_stone":4,"minecraft:oak_planks":88,"minecraft:cooked_chicken":3,"minecraft:furnace":4,"minecraft:blast_furnace":1,"minecraft:stone":329,"mca:bouquet":1,"naturalist:cooked_bass":1,"minecraft:cooked_mutton":16,"minecraft:bow":1,"minecraft:iron_boots":1,"sophisticatedbackpacks:copper_backpack":1,"minecraft:iron_axe":1,"minecraft:stone_pickaxe":3,"minecraft:chest":1,"minecraft:acacia_fence":114,"sophisticatedbackpacks:iron_backpack":1,"minecraft:wheat":162,"minecraft:cooked_beef":2,"iceandfire:silver_ingot":7,"minecraft:cooked_porkchop":10,"minecraft:crafting_table":1,"minecraft:iron_sword":1,"bloomingnature:swamp_oak_planks":32,"minecraft:copper_ingot":6,"minecraft:bucket":23,"minecraft:bread":65,"minecraft:air":0,"minecraft:iron_chestplate":1,"minecraft:gold_nugget":2,"minecraft:shield":2,"minecraft:stick":124,"minecraft:iron_ingot":30,"minecraft:iron_pickaxe":2,"minecraft:gold_ingot":4,"minecraft:acacia_planks":188,"minecraft:torch":20},"minecraft:picked_up":{"irons_spellbooks:scroll":2,"minecraft:crafting_table":2,"minecraft:chicken":3,"minecraft:flower_pot":1,"irons_spellbooks:rotten_spell_book":2,"minecraft:leather_leggings":1,"minecraft:stone_brick_stairs":2,"minecraft:cornflower":5,"iceandfire:armor_silver_metal_chestplate":1,"irons_spellbooks:diamond_spell_book":1,"minecraft:string":6,"minecraft:oak_trapdoor":8,"minecraft:wooden_sword":2,"bloomingnature:begonie":1,"bloomingnature:barrel_cactus":1,"minecraft:cracked_stone_bricks":4,"minecraft:bucket":1,"minecraft:beef":2,"iceandfire:armor_silver_metal_leggings":2,"grapplemod:grapplinghook":1,"minecraft:poppy":2,"minecraft:chest":1,"minecraft:egg":2,"crossbowverhaul:bolt_iron":21,"minecraft:iron_boots":1,"minecraft:furnace":2,"minecraft:stick":2,"minecraft:raw_iron":7,"minecraft:acacia_fence":4,"minecraft:jukebox":2,"minecraft:copper_ingot":1,"minecraft:torch":6,"minecraft:acacia_log":47,"sophisticatedbackpacks:backpack":1,"minecraft:porkchop":10,"farmersdelight:tomato_seeds":3,"bloomingnature:cobbled_laterit":2,"minecraft:pointed_dripstone":6,"minecraft:diorite":1,"minecraft:carrot":1,"born_in_chaos_v1:pieceofdarkmetal":5,"minecraft:orange_bed":1,"iceandfire:armor_silver_metal_boots":1,"minecraft:arrow":5,"minecraft:rotten_flesh":57,"bloomingnature:swamp_oak_boat":2,"minecraft:hay_block":18,"minecraft:carved_pumpkin":2,"artifacts:cross_necklace":1,"minecraft:mutton":18,"minecraft:cobblestone":674,"minecraft:white_wool":10,"minecraft:oxeye_daisy":5,"born_in_chaos_v1:fused_bone":4,"born_in_chaos_v1:corpse_maggot":9,"minecraft:feather":1,"minecraft:andesite":34,"minecraft:leather":2,"minecraft:tuff":34,"minecraft:packed_mud":8,"minecraft:potato":1,"paraglider:spirit_orb":4,"minecraft:crimson_fungus":1,"bloomingnature:genisteae":1,"relics:jellyfish_necklace":1,"minecraft:oak_log":23,"minecraft:yellow_bed":2,"minecraft:gunpowder":2,"mmd:omen":1,"minecraft:lapis_lazuli":64,"minecraft:dirt":285,"bloomingnature:ebony_sapling":1,"naturalist:bass":1,"minecraft:bone":11,"bloomingnature:bluebell":1,"minecraft:stone_bricks":1,"minecraft:bow":1,"minecraft:wheat_seeds":37,"iceandfire:armor_silver_metal_helmet":1,"minecraft:iron_ingot":33,"born_in_chaos_v1:smoked_flesh":7,"minecraft:bamboo":1,"minecraft:iron_sword":1,"minecraft:acacia_sapling":2,"minecraft:pumpkin":1,"minecraft:dandelion":3,"minecraft:lava_bucket":1,"minecraft:sand":10,"sophisticatedbackpacks:iron_backpack":1,"minecraft:blast_furnace":1,"minecraft:dead_bush":1,"minecraft:spider_eye":1,"minecraft:leather_helmet":1,"bloomingnature:swamp_oak_log":15,"minecraft:iron_helmet":1,"minecraft:granite":40,"minecraft:crossbow":1,"minecraft:bone_meal":1,"mmd:turn_table":1,"born_in_chaos_v1:rotten_fish":4,"minecraft:oak_sapling":2,"minecraft:coal":167,"iceandfire:raw_silver":3,"mca:bouquet":1},"minecraft:broken":{"minecraft:golden_shovel":1,"minecraft:stone_pickaxe":2,"minecraft:shield":1,"minecraft:iron_sword":1,"minecraft:iron_pickaxe":2,"minecraft:iron_helmet":1},"minecraft:killed":{"minecraft:spider":2,"born_in_chaos_v1:siamese_skeletonsright":1,"born_in_chaos_v1:zombie_bruiser":1,"born_in_chaos_v1:maggot":9,"minecraft:skeleton":5,"minecraft:chicken":3,"naturalist:bass":3,"born_in_chaos_v1:corpse_fish":1,"born_in_chaos_v1:fallen_chaos_knight":1,"minecraft:pig":4,"bloomingnature:termite":4,"born_in_chaos_v1:spirit_guide_assistant":1,"born_in_chaos_v1:decrepit_skeleton":1,"alexsmobs:emu":1,"minecraft:sheep":10,"minecraft:pillager":14,"born_in_chaos_v1:decaying_zombie":1,"minecraft:zombie":23,"iceandfire:ghost":1,"alexsmobs:terrapin":1,"born_in_chaos_v1:corpse_fly":3,"born_in_chaos_v1:door_knight":2,"born_in_chaos_v1:siamese_skeletonsleft":2,"minecraft:cow":1},"minecraft:custom":{"minecraft:interact_with_anvil":3,"minecraft:mob_kills":97,"minecraft:interact_with_crafting_table":18,"minecraft:open_barrel":59,"minecraft:bell_ring":3,"minecraft:damage_dealt_resisted":1475,"minecraft:leave_game":5,"minecraft:time_since_death":537,"minecraft:climb_one_cm":5737,"minecraft:sprint_one_cm":637106,"minecraft:walk_one_cm":1221493,"minecraft:damage_blocked_by_shield":3509,"minecraft:drop":437,"minecraft:damage_dealt_absorbed":30,"minecraft:talked_to_villager":1,"minecraft:play_time":353813,"minecraft:sneak_time":9744,"minecraft:deaths":4,"minecraft:walk_under_water_one_cm":65533,"minecraft:boat_one_cm":11594,"minecraft:jump":4942,"minecraft:interact_with_blast_furnace":11,"minecraft:walk_on_water_one_cm":51876,"minecraft:enchant_item":2,"minecraft:total_world_time":353813,"minecraft:interact_with_furnace":81,"minecraft:pot_flower":1,"minecraft:interact_with_grindstone":3,"minecraft:sleep_in_bed":15,"minecraft:time_since_rest":576,"minecraft:damage_taken":5393,"minecraft:damage_dealt":14268,"minecraft:player_kills":1,"minecraft:swim_one_cm":56314,"minecraft:fly_one_cm":927147,"minecraft:open_chest":77,"minecraft:crouch_one_cm":27616,"waystones:waystone_activated":5,"minecraft:interact_with_smoker":2,"minecraft:fall_one_cm":132397}},"DataVersion":3465}