{"stats":{"minecraft:killed_by":{"minecraft:skeleton":1},"minecraft:mined":{"farmersdelight:rich_soil":1,"graveyard:pedestal":1,"minecraft:white_bed":3,"iceandfire:graveyard_soil":1,"minecraft:mossy_stone_brick_slab":1,"minecraft:cobbled_deepslate_stairs":1,"minecraft:sculk_vein":1,"minecraft:red_nether_bricks":2,"minecraft:brewing_stand":1,"minecraft:granite":393,"minecraft:red_sand":45,"minecraft:acacia_log":41,"minecraft:grass_block":360,"iammusicplayer:boombox":1,"minecraft:mud_bricks":9,"minecraft:spawner":83,"minecraft:sculk_catalyst":1,"minecraft:barrel":1,"minecraft:iron_ore":22,"minecraft:fire":1,"minecraft:anvil":1,"minecraft:granite_slab":1,"realmrpg_skeletons:rookie_skeleton":1,"iceandfire:gold_pile":28,"minecraft:polished_deepslate_slab":2,"minecraft:dirt_path":3,"minecraft:oak_stairs":1,"minecraft:deepslate_brick_stairs":1,"bloomingnature:tall_red_oat_grass":4,"minecraft:player_head":1,"iammusicplayer:music_manager":1,"minecraft:green_bed":2,"farmersdelight:organic_compost":1,"minecraft:polished_deepslate_stairs":1,"minecraft:smoker":1,"minecraft:orange_terracotta":34,"minecraft:torch":21,"minecraft:light_gray_terracotta":3,"iceandfire:ghost_chest":4,"minecraft:dead_bush":2,"minecraft:cobblestone":18,"minecraft:cyan_bed":2,"minecraft:oak_planks":60,"minecraft:damaged_anvil":1,"minecraft:wall_torch":7,"minecraft:white_terracotta":1,"minecraft:birch_log":34,"minecraft:wheat":331,"born_in_chaos_v1:river_mint":2,"graveyard:tg_granite":1,"minecraft:grass":42,"minecraft:oak_log":109,"minecraft:acacia_fence":2,"minecraft:sand":215,"minecraft:dirt":552,"minecraft:netherrack":15,"minecraft:cyan_candle":1,"minecraft:oak_leaves":13,"minecraft:deepslate":224,"minecraft:yellow_terracotta":2,"minecraft:deepslate_tiles":2,"minecraft:red_carpet":3,"minecraft:tuff":13,"bloomingnature:termite_mound":20,"iceandfire:silver_ore":16,"minecraft:quartz_stairs":1,"minecraft:mossy_cobblestone":1,"minecraft:oak_door":1,"born_in_chaos_v1:nightmare_stalker_skull":1,"minecraft:cyan_stained_glass":2,"minecraft:glow_lichen":1,"gravestone:gravestone":20,"minecraft:cobbled_deepslate_slab":4,"bloomingnature:amaryllis":1,"minecraft:acacia_slab":6,"born_in_chaos_v1:gnawed_bones":3,"minecraft:rooted_dirt":1,"minecraft:large_fern":4,"minecraft:hay_block":48,"minecraft:deepslate_brick_slab":1,"minecraft:light_blue_wall_banner":1,"minecraft:packed_mud":9,"minecraft:carrots":3,"bloomingnature:small_cactus":1,"mmd:essence_of_music_ore":2,"minecraft:acacia_stairs":3,"minecraft:andesite":226,"graveyard:sarcophagus":1,"minecraft:cobblestone_slab":6,"minecraft:vine":2,"minecraft:stripped_oak_log":4,"bloomingnature:prickly_pear_cactus":2,"bloomingnature:bluebell":1,"minecraft:stone":1434,"minecraft:acacia_leaves":4,"minecraft:polished_granite":2,"minecraft:crafting_table":2,"minecraft:cornflower":1,"minecraft:cyan_stained_glass_pane":2,"minecraft:tall_grass":71,"minecraft:copper_ore":26,"born_in_chaos_v1:chipped_black_argillite_brick":1,"farmersdelight:wild_tomatoes":3,"minecraft:lapis_ore":10,"minecraft:sculk":62,"minecraft:diorite":47,"bloomingnature:red_oat_grass":7,"minecraft:coarse_dirt":8,"graveyard:vase_block":10,"minecraft:cobblestone_wall":40,"minecraft:sea_pickle":1,"bloomingnature:sand":2,"minecraft:birch_leaves":19,"minecraft:yellow_bed":5,"minecraft:coal_ore":79,"minecraft:gravel":1,"minecraft:cobweb":21,"minecraft:terracotta":20,"minecraft:acacia_planks":89,"minecraft:polished_andesite":1,"minecraft:fern":1,"paraglider:goddess_statue":5},"minecraft:dropped":{"minecraft:moss_block":1,"minecraft:glow_ink_sac":2,"iceandfire:silver_axe":2,"minecraft:baked_potato":9,"minecraft:ender_pearl":4,"minecraft:diamond":4,"minecraft:crossbow":1,"iceandfire:ectoplasm":4,"minecraft:red_carpet":1,"paraglider:spirit_orb":64,"sophisticatedbackpacks:gold_backpack":1,"born_in_chaos_v1:monster_flesh":1,"minecraft:dirt":195,"born_in_chaos_v1:monster_skin":3,"gravestone:obituary":34,"irons_spellbooks:arcane_essence":3,"minecraft:bone_meal":1,"minecraft:sand":12,"paraglider:paraglider":1,"minecraft:bone":3,"alexsmobs:animal_dictionary":1,"minecraft:wheat":2,"born_in_chaos_v1:ethereal_spirit":1,"minecraft:rotten_flesh":37,"born_in_chaos_v1:smoked_flesh":1,"minecraft:oak_planks":2,"minecraft:leather_chestplate":1,"iceandfire:ghost_chest":4,"born_in_chaos_v1:corpse_maggot":4,"minecraft:acacia_sapling":1,"minecraft:acacia_slab":1,"farmersdelight:rope":21,"minecraft:leather_leggings":1,"minecraft:bread":58,"bloomingnature:bluebell":1,"minecraft:acacia_fence":1,"farmersdelight:tomato_seeds":3,"minecraft:wheat_seeds":19,"iceandfire:dragonbone_sword":2,"minecraft:water_bucket":1,"minecraft:cobbled_deepslate_stairs":1,"minecraft:netherite_chestplate":1,"minecraft:cobblestone":111,"minecraft:iron_helmet":1,"alexsmobs:rattlesnake_rattle":1,"rustic_engineer:wooden_box":1,"minecraft:granite":30,"minecraft:chainmail_helmet":1,"minecraft:stick":2,"mca:book_romance":1,"iceandfire:silver_sword":1,"minecraft:red_dye":1,"minecraft:string":2,"minecraft:acacia_planks":1,"iceandfire:dragonscales_gray":4,"mmd:essence_of_music":2,"minecraft:stone_sword":1,"minecraft:cobblestone_wall":7,"minecraft:bowl":1,"minecraft:polished_deepslate_slab":2,"minecraft:cobbled_deepslate_slab":4,"minecraft:cobblestone_slab":8,"minecraft:sea_pickle":1,"iceandfire:armor_gray_chestplate":1,"minecraft:andesite":64,"minecraft:oak_sapling":3,"minecraft:spider_eye":1,"irons_spellbooks:iron_spell_book":1,"minecraft:bow":2,"farmersdelight:tomato":1},"minecraft:used":{"alexsmobs:emu_egg":1,"minecraft:red_sand":24,"minecraft:chest":11,"minecraft:shield":135,"minecraft:stone":60,"minecraft:iron_sword":216,"graveyard:pedestal":1,"paraglider:goddess_statue":3,"iammusicplayer:boombox":1,"minecraft:carrot":2,"minecraft:obsidian":5,"vanillaplustools:iron_shovel":171,"born_in_chaos_v1:smoked_flesh":34,"minecraft:packed_mud":1,"minecraft:light_blue_bed":1,"born_in_chaos_v1:gnawed_bones":3,"minecraft:item_frame":1,"born_in_chaos_v1:nightmare_stalker_skull":2,"minecraft:red_carpet":1,"bloomingnature:small_cactus":2,"minecraft:bow":90,"minecraft:furnace":9,"minecraft:acacia_fence":3,"minecraft:potato":3,"minecraft:diorite":20,"minecraft:leather_leggings":1,"minecraft:stone_pickaxe":144,"minecraft:oak_planks":125,"minecraft:sandstone":1,"minecraft:cookie":1,"minecraft:blue_bed":2,"farmersdelight:organic_compost":1,"naturalist:duck_egg":2,"iammusicplayer:music_manager":1,"minecraft:golden_apple":9,"minecraft:sand":41,"minecraft:crossbow":1,"iceandfire:silver_axe":98,"minecraft:deepslate_brick_stairs":1,"waystones:waystone":3,"iceandfire:dragonbone_sword":520,"minecraft:cyan_bed":2,"minecraft:bread":302,"minecraft:gravel":1,"minecraft:polished_granite":82,"minecraft:granite_slab":1,"born_in_chaos_v1:river_mint":2,"minecraft:andesite":3,"minecraft:oak_boat":6,"minecraft:coarse_dirt":8,"minecraft:bone_meal":202,"minecraft:experience_bottle":4,"minecraft:cobweb":17,"minecraft:trident":57,"minecraft:stone_sword":14,"minecraft:acacia_log":18,"minecraft:orange_concrete":1,"iceandfire:silver_sword":455,"vanillaplustools:stone_hammer":262,"farmersdelight:rich_soil":1,"minecraft:stone_hoe":79,"minecraft:cooked_chicken":2,"bloomingnature:prickly_pear_cactus":1,"minecraft:oak_door":2,"minecraft:torch":373,"minecraft:anvil":1,"minecraft:dirt":700,"minecraft:spyglass":131,"minecraft:spruce_stairs":1,"minecraft:cobblestone_wall":661,"minecraft:granite":210,"minecraft:polished_diorite":20,"minecraft:iron_hoe":169,"minecraft:iron_axe":252,"minecraft:acacia_slab":13,"minecraft:mud_bricks":17,"minecraft:barrel":1,"minecraft:tripwire_hook":2,"minecraft:golden_carrot":3,"minecraft:goat_horn":4,"minecraft:cooked_beef":8,"minecraft:acacia_planks":113,"minecraft:wheat_seeds":489,"minecraft:water_bucket":136,"minecraft:red_nether_bricks":2,"minecraft:polished_andesite":21,"minecraft:baked_potato":25,"minecraft:green_bed":2,"minecraft:cobblestone_slab":76,"minecraft:polished_deepslate_slab":2,"minecraft:crafting_table":7,"minecraft:white_bed":2,"minecraft:smoker":1,"minecraft:oak_log":10,"bloomingnature:bluebell":1,"minecraft:acacia_stairs":11,"minecraft:apple":11,"iceandfire:dragonbone_sword_fire":83,"minecraft:iron_pickaxe":515,"minecraft:suspicious_stew":1,"iceandfire:graveyard_soil":3,"minecraft:magenta_concrete":2,"minecraft:leather_helmet":1,"minecraft:cobblestone":341,"minecraft:cobbled_deepslate_slab":3,"minecraft:white_banner":1,"minecraft:bucket":138,"minecraft:yellow_bed":5},"minecraft:crafted":{"iammusicplayer:music_manager":1,"minecraft:oak_planks":364,"minecraft:cobblestone_slab":78,"iammusicplayer:boombox":1,"minecraft:stone":64,"minecraft:glass":6,"iceandfire:armor_silver_metal_chestplate":1,"minecraft:bow":1,"minecraft:iron_boots":1,"iceandfire:armor_gray_helmet":2,"minecraft:chest":11,"minecraft:oak_button":1,"minecraft:acacia_fence":3,"iceandfire:silver_axe":1,"iceandfire:armor_gray_boots":2,"minecraft:item_frame":1,"minecraft:crafting_table":8,"minecraft:acacia_slab":12,"minecraft:baked_potato":17,"iceandfire:armor_gray_chestplate":1,"minecraft:shield":5,"minecraft:stick":140,"minecraft:iron_pickaxe":3,"minecraft:light_blue_dye":2,"born_in_chaos_v1:smoked_flesh":35,"minecraft:iron_ingot":21,"minecraft:iron_block":3,"minecraft:light_blue_bed":1,"minecraft:gold_ingot":49,"minecraft:sandstone":1,"sophisticatedbackpacks:advanced_pickup_upgrade":1,"minecraft:polished_andesite":20,"iceandfire:silver_sword":2,"minecraft:oak_door":3,"minecraft:coal":9,"grapplemod:launcheritem":1,"iceandfire:armor_gray_leggings":1,"vanillaplustools:stone_hammer":2,"minecraft:leather_leggings":1,"minecraft:jukebox":1,"iceandfire:dragonbone_sword_fire":1,"minecraft:iron_nugget":9,"minecraft:spyglass":1,"vanillaplustools:iron_shovel":1,"minecraft:furnace":9,"minecraft:piston":1,"minecraft:mud_bricks":8,"minecraft:bone_meal":247,"minecraft:glass_pane":16,"minecraft:polished_diorite":20,"grapplemod:staffupgradeitem":1,"grapplemod:grapplinghook":2,"minecraft:iron_axe":1,"minecraft:iron_hoe":1,"minecraft:stone_pickaxe":20,"minecraft:cobblestone_wall":636,"sophisticatedbackpacks:iron_backpack":2,"minecraft:wheat":425,"minecraft:cooked_beef":8,"minecraft:red_dye":2,"iceandfire:dragonbone_sword":1,"grapplemod:baseupgradeitem":1,"iceandfire:silver_ingot":16,"minecraft:iron_sword":1,"minecraft:blue_bed":1,"minecraft:polished_granite":80,"sophisticatedbackpacks:gold_backpack":2,"minecraft:acacia_stairs":8,"minecraft:bone":18,"minecraft:bread":275,"minecraft:air":0,"minecraft:blue_dye":2,"minecraft:oak_boat":4,"minecraft:white_wool":3,"minecraft:golden_apple":13,"minecraft:white_dye":1,"minecraft:oak_stairs":4,"minecraft:iron_shovel":9,"minecraft:anvil":1,"minecraft:white_bed":1,"minecraft:note_block":2,"minecraft:acacia_planks":80,"minecraft:torch":324},"minecraft:picked_up":{"irons_spellbooks:scroll":1,"minecraft:anvil":1,"minecraft:iron_chestplate":1,"minecraft:flower_pot":1,"minecraft:wheat":355,"minecraft:suspicious_stew":2,"rustic_engineer:wooden_box":2,"minecraft:oak_stairs":4,"minecraft:enchanted_book":1,"minecraft:turtle_egg":1,"minecraft:brewing_stand":1,"iceandfire:manuscript":10,"paraglider:goddess_statue":5,"minecraft:string":27,"minecraft:raw_copper":89,"minecraft:red_nether_bricks":2,"graveyard:sarcophagus":1,"minecraft:sea_pickle":4,"alexsmobs:blood_sac":3,"minecraft:deepslate_tiles":2,"alexsmobs:emu_feather":1,"minecraft:red_sand":24,"minecraft:gold_nugget":397,"minecraft:cobbled_deepslate":219,"born_in_chaos_v1:charmof_power":1,"minecraft:cobblestone_slab":6,"crossbowverhaul:bolt_iron":11,"minecraft:stick":11,"iceandfire:ghost_chest":5,"born_in_chaos_v1:shattered_skull":2,"minecraft:acacia_fence":1,"minecraft:torch":47,"minecraft:acacia_log":41,"minecraft:green_bed":2,"minecraft:spruce_stairs":1,"minecraft:porkchop":2,"iceandfire:lightning_dragon_flesh":1,"minecraft:diorite":46,"born_in_chaos_v1:nightmare_claw":2,"irons_spellbooks:fire_rune":1,"minecraft:cauldron":1,"minecraft:stone_sword":2,"minecraft:rotten_flesh":157,"artifacts:villager_hat":1,"iceandfire:deathworm_chitin_yellow":3,"iceandfire:fire_dragon_heart":3,"supplementaries:ash":1,"minecraft:netherite_chestplate":1,"minecraft:deepslate_brick_stairs":1,"minecraft:obsidian":1,"iammusicplayer:boombox":1,"minecraft:blaze_powder":2,"minecraft:cobblestone":1420,"paraglider:paraglider":2,"minecraft:birch_log":34,"minecraft:leather_chestplate":4,"minecraft:feather":2,"born_in_chaos_v1:spiritual_dust":1,"minecraft:water_bucket":1,"minecraft:andesite":219,"artifacts:thorn_pendant":1,"minecraft:smoker":2,"minecraft:potato":18,"paraglider:spirit_orb":179,"minecraft:tuff":13,"mmd:omen":1,"minecraft:lapis_lazuli":54,"farmersdelight:tomato":1,"minecraft:dirt":899,"born_in_chaos_v1:nightmare_stalker_skull":2,"minecraft:polished_granite":2,"born_in_chaos_v1:monster_skin":18,"minecraft:leather_boots":1,"irons_spellbooks:hogskin":1,"minecraft:bone":74,"irons_spellbooks:iron_spell_book":1,"bloomingnature:bluebell":3,"minecraft:acacia_planks":74,"iammusicplayer:music_manager":1,"minecraft:bow":2,"minecraft:wheat_seeds":914,"minecraft:deepslate_brick_slab":1,"minecraft:cobbled_deepslate_slab":7,"iceandfire:armor_gray_chestplate":1,"minecraft:moss_block":1,"minecraft:oak_planks":60,"iceandfire:dragonscales_amythest":24,"rustic_engineer:dragonfly_item":2,"relics:hunter_belt":2,"irons_spellbooks:frostward_ring":5,"iceandfire:dragon_skull_fire":3,"minecraft:sand":242,"iceandfire:lightning_dragon_heart":1,"minecraft:granite_slab":1,"minecraft:red_terracotta":3,"minecraft:lily_of_the_valley":1,"minecraft:cyan_bed":2,"minecraft:acacia_stairs":3,"minecraft:barrel":1,"naturalist:duck_egg":2,"minecraft:polished_andesite":1,"born_in_chaos_v1:fire_dust":2,"minecraft:diamond":1,"iceandfire:fire_dragon_blood":1,"minecraft:lever":1,"waystones:waystone":3,"minecraft:netherrack":14,"alexsmobs:rattlesnake_rattle":1,"minecraft:granite":384,"minecraft:bone_meal":1,"minecraft:bread":16,"minecraft:chainmail_helmet":1,"minecraft:emerald":1,"born_in_chaos_v1:rotten_fish":1,"minecraft:oak_sapling":5,"iceandfire:raw_silver":16,"iceandfire:dragon_skull_lightning":3,"sophisticatedbackpacks:gold_backpack":1,"minecraft:crafting_table":3,"minecraft:coarse_dirt":8,"minecraft:chicken":2,"born_in_chaos_v1:river_mint":2,"born_in_chaos_v1:seedof_chaos":5,"irons_spellbooks:tarnished_helmet":1,"minecraft:turtle_helmet":1,"minecraft:chain":1,"gravestone:obituary":24,"minecraft:cornflower":1,"minecraft:orange_concrete":1,"graveyard:corruption":3,"iceandfire:graveyard_soil":3,"bloomingnature:small_cactus":2,"minecraft:beef":8,"minecraft:oak_boat":2,"minecraft:player_head":1,"born_in_chaos_v1:gnawed_bones":6,"minecraft:iron_nugget":18,"minecraft:birch_sapling":1,"minecraft:phantom_membrane":3,"minecraft:egg":3,"minecraft:raw_iron":21,"iceandfire:dragonscales_gray":76,"iceandfire:dragonbone":71,"minecraft:polished_deepslate_slab":4,"minecraft:oak_door":1,"minecraft:copper_ingot":9,"sophisticatedbackpacks:backpack":1,"farmersdelight:tomato_seeds":3,"minecraft:cookie":1,"minecraft:trident":1,"minecraft:carrot":7,"born_in_chaos_v1:pieceofdarkmetal":16,"iceandfire:deathworm_chitin_white":2,"minecraft:redstone":4,"minecraft:arrow":42,"iceandfire:silver_ingot":6,"relics:arrow_quiver":1,"minecraft:hay_block":48,"born_in_chaos_v1:spiny_shell":2,"minecraft:gold_ingot":9,"minecraft:glow_berries":1,"minecraft:skeleton_skull":1,"minecraft:stripped_oak_log":4,"born_in_chaos_v1:fused_bone":8,"iceandfire:silver_axe":2,"born_in_chaos_v1:corpse_maggot":24,"farmersdelight:rich_soil":1,"minecraft:mud_bricks":9,"minecraft:tripwire_hook":2,"born_in_chaos_v1:monster_flesh":21,"minecraft:glow_ink_sac":2,"minecraft:leather":3,"minecraft:filled_map":1,"minecraft:packed_mud":9,"minecraft:crimson_fungus":32,"minecraft:oak_log":117,"iceandfire:ectoplasm":11,"minecraft:cobblestone_wall":34,"minecraft:yellow_bed":5,"minecraft:cobbled_deepslate_stairs":1,"minecraft:gunpowder":4,"minecraft:blue_bed":1,"minecraft:white_banner":1,"minecraft:orange_terracotta":34,"farmersdelight:organic_compost":1,"minecraft:red_carpet":3,"minecraft:coast_armor_trim_smithing_template":2,"minecraft:light_blue_banner":1,"minecraft:iron_ingot":15,"minecraft:cooked_chicken":2,"minecraft:cobweb":12,"iceandfire:fire_dragon_flesh":10,"minecraft:dark_oak_stairs":2,"minecraft:acacia_sapling":1,"mmd:essence_of_music":3,"graveyard:pedestal":1,"born_in_chaos_v1:lifestealer_bone":3,"iceandfire:dragonbone_sword":2,"iceandfire:ash":8,"born_in_chaos_v1:ethereal_spirit":16,"bloomingnature:amaryllis":1,"minecraft:gravel":1,"born_in_chaos_v1:dark_rod":5,"minecraft:amethyst_shard":6,"minecraft:white_bed":3,"bloomingnature:prickly_pear_cactus":1,"minecraft:mossy_stone_brick_slab":1,"minecraft:spider_eye":4,"bloomingnature:sand":2,"iceandfire:silver_sword":1,"minecraft:iron_helmet":1,"crossbowverhaul:bolt_gold":14,"minecraft:terracotta":9,"minecraft:damaged_anvil":1,"minecraft:acacia_slab":7,"minecraft:netherite_hoe":1,"minecraft:magenta_concrete":2,"minecraft:coal":165},"minecraft:broken":{"iceandfire:silver_sword":1,"minecraft:leather_helmet":1,"iceandfire:armor_gray_boots":1,"minecraft:stone_hoe":1,"minecraft:shield":1,"vanillaplustools:stone_hammer":2,"minecraft:iron_axe":1,"iceandfire:armor_gray_helmet":1,"minecraft:iron_pickaxe":2},"minecraft:custom":{"minecraft:interact_with_crafting_table":84,"minecraft:open_barrel":223,"minecraft:bell_ring":3,"minecraft:eat_cake_slice":1,"minecraft:leave_game":17,"minecraft:time_since_death":20014,"minecraft:sprint_one_cm":1775521,"minecraft:damage_blocked_by_shield":6260,"minecraft:drop":162,"minecraft:talked_to_villager":5,"minecraft:play_time":843753,"minecraft:deaths":20,"minecraft:jump":14867,"minecraft:interact_with_brewingstand":2,"minecraft:walk_on_water_one_cm":173200,"minecraft:interact_with_furnace":48,"minecraft:interact_with_loom":2,"minecraft:sleep_in_bed":47,"minecraft:damage_dealt":56909,"minecraft:player_kills":2,"waystones:waystone_activated":13,"minecraft:crouch_one_cm":117068,"minecraft:interact_with_smoker":9,"minecraft:horse_one_cm":14,"minecraft:interact_with_anvil":6,"minecraft:mob_kills":321,"minecraft:damage_dealt_resisted":5941,"minecraft:climb_one_cm":22096,"minecraft:walk_one_cm":2394911,"minecraft:sneak_time":40190,"minecraft:walk_under_water_one_cm":227514,"minecraft:boat_one_cm":560547,"minecraft:interact_with_lectern":6,"minecraft:interact_with_blast_furnace":5,"minecraft:total_world_time":843753,"minecraft:tune_noteblock":1,"minecraft:interact_with_grindstone":2,"minecraft:time_since_rest":1632,"minecraft:damage_taken":29689,"minecraft:damage_absorbed":323,"minecraft:swim_one_cm":502361,"minecraft:fly_one_cm":4534476,"minecraft:open_chest":471,"minecraft:fall_one_cm":459985},"minecraft:killed":{"minecraft:cave_spider":2,"minecraft:zombified_piglin":19,"born_in_chaos_v1:restless_spirit":7,"minecraft:spider":6,"graveyard:wraith":4,"born_in_chaos_v1:siamese_skeletonsright":1,"minecraft:zombie_horse":1,"born_in_chaos_v1:baby_skeleton_minion":3,"born_in_chaos_v1:scarlet_persecutor":1,"minecraft:skeleton":34,"graveyard:acolyte":1,"minecraft:chicken":1,"iceandfire:myrmex_worker":1,"born_in_chaos_v1:bonescaller":1,"minecraft:zombie_villager":1,"bloomingnature:termite":45,"irons_spellbooks:necromancer":1,"minecraft:creeper":1,"alexsmobs:crimson_mosquito":3,"iceandfire:cockatrice":1,"minecraft:pillager":12,"irons_spellbooks:summoned_vex":1,"minecraft:zombie":40,"born_in_chaos_v1:dread_hound":10,"born_in_chaos_v1:corpse_fly":4,"iceandfire:lightning_dragon":1,"born_in_chaos_v1:door_knight":1,"graveyard:corrupted_pillager":4,"born_in_chaos_v1:siamese_skeletonsleft":1,"minecraft:cow":4,"born_in_chaos_v1:missioner":1,"irons_spellbooks:summoned_zombie":4,"alexsmobs:tarantula_hawk":1,"graveyard:corrupted_vindicator":2,"born_in_chaos_v1:thornshell_crab":1,"naturalist:tortoise":1,"alexsmobs:rattlesnake":1,"born_in_chaos_v1:zombie_bruiser":2,"born_in_chaos_v1:firelight":1,"born_in_chaos_v1:maggot":22,"born_in_chaos_v1:baby_spider":2,"iceandfire:fire_dragon":2,"takesapillage:clay_golem":1,"naturalist:bass":1,"minecraft:drowned":2,"born_in_chaos_v1:corpse_fish":1,"iceandfire:deathworm":1,"minecraft:husk":6,"alexsmobs:guster":1,"graveyard:ghoul":1,"born_in_chaos_v1:baby_skeleton":1,"alexsmobs:rhinoceros":1,"minecraft:hoglin":2,"born_in_chaos_v1:decrepit_skeleton":6,"alexsmobs:emu":1,"iceandfire:ghost":1,"born_in_chaos_v1:dark_vortex":3,"born_in_chaos_v1:nightmare_stalker":2,"minecraft:wither_skeleton":1,"minecraft:enderman":2}},"DataVersion":3465}