{
  "takesapillage:root": {
    "criteria": {
      "always": "2025-09-26 03:55:31 +0000"
    },
    "done": true
  },
  "minecraft:recipes/decorations/crafting_table": {
    "criteria": {
      "unlock_right_away": "2025-09-26 03:55:31 +0000"
    },
    "done": true
  },
  "naturalist:recipes/food/cooked_egg": {
    "criteria": {
      "has_eggs": "2025-09-26 03:55:31 +0000"
    },
    "done": true
  },
  "mowziesmobs:root": {
    "criteria": {
      "custom_test_name": "2025-09-26 03:55:31 +0000"
    },
    "done": true
  },
  "irons_spellbooks:grant_patchouli": {
    "criteria": {
      "tick": "2025-09-26 03:55:31 +0000"
    },
    "done": true
  },
  "iceandfire:iceandfire/root": {
    "criteria": {
      "tick": "2025-09-26 03:55:31 +0000"
    },
    "done": true
  },
  "dungeons_arise:wda_root": {
    "criteria": {
      "WDA": "2025-09-26 03:55:31 +0000"
    },
    "done": true
  },
  "crossbowverhaul:recipes/combat/bolt_explosive": {
    "criteria": {
      "has_blazepowder": "2025-09-26 03:55:31 +0000",
      "has_bolt": "2025-09-26 03:55:31 +0000"
    },
    "done": true
  },
  "minecraft:recipes/combat/crossbow": {
    "criteria": {
      "has_bow": "2025-09-26 03:55:31 +0000"
    },
    "done": true
  },
  "born_in_chaos_v1:bornin_chaos": {
    "criteria": {
      "bornin_chaos_0": "2025-09-26 03:55:31 +0000"
    },
    "done": true
  },
  "farmersdelight:main/root": {
    "criteria": {
      "seeds": "2025-09-26 03:55:31 +0000"
    },
    "done": true
  },
  "crossbowverhaul:recipes/combat/crossbow_netherite": {
    "criteria": {
      "has_crossbow": "2025-09-26 03:55:31 +0000"
    },
    "done": true
  },
  "crossbowverhaul:recipes/combat/bolt_netherite": {
    "criteria": {
      "has_feather": "2025-09-26 03:55:31 +0000"
    },
    "done": true
  },
  "minecraft:adventure/adventuring_time": {
    "criteria": {
      "minecraft:savanna_plateau": "2025-09-26 04:01:08 +0000",
      "minecraft:river": "2025-09-26 04:02:06 +0000",
      "minecraft:forest": "2025-09-26 04:03:00 +0000",
      "minecraft:savanna": "2025-09-26 03:55:32 +0000",
      "minecraft:plains": "2025-09-26 03:57:57 +0000"
    },
    "done": false
  },
  "mca:root": {
    "criteria": {
      "village_plains": "2025-09-26 03:57:57 +0000"
    },
    "done": true
  },
  "alexsmobs:alexsmobs/root": {
    "criteria": {
      "useitem": "2025-09-26 03:58:36 +0000"
    },
    "done": true
  },
  "minecraft:husbandry/root": {
    "criteria": {
      "consumed_item": "2025-09-26 03:58:36 +0000"
    },
    "done": true
  },
  "paraglider:paraglider": {
    "criteria": {
      "paraglider": "2025-09-26 04:01:36 +0000"
    },
    "done": true
  },
  "paraglider:recipes/misc/cosmetic/deku_leaf": {
    "criteria": {
      "has_paragliders": "2025-09-26 04:01:36 +0000"
    },
    "done": true
  },
  "paraglider:recipes/misc/cosmetic/paraglider": {
    "criteria": {
      "has_paragliders": "2025-09-26 04:01:36 +0000"
    },
    "done": true
  },
  "deeperdarker:recipes/transportation/echo_boat": {
    "criteria": {
      "in_water": "2025-09-26 04:03:39 +0000"
    },
    "done": true
  },
  "deeperdarker:recipes/transportation/bloom_boat": {
    "criteria": {
      "in_water": "2025-09-26 04:03:39 +0000"
    },
    "done": true
  },
  "minecraft:recipes/transportation/cherry_boat": {
    "criteria": {
      "in_water": "2025-09-26 04:03:39 +0000"
    },
    "done": true
  },
  "minecraft:recipes/transportation/bamboo_raft": {
    "criteria": {
      "in_water": "2025-09-26 04:03:39 +0000"
    },
    "done": true
  },
  "minecraft:recipes/transportation/acacia_boat": {
    "criteria": {
      "in_water": "2025-09-26 04:03:39 +0000"
    },
    "done": true
  },
  "minecraft:recipes/transportation/jungle_boat": {
    "criteria": {
      "in_water": "2025-09-26 04:03:39 +0000"
    },
    "done": true
  },
  "minecraft:recipes/transportation/spruce_boat": {
    "criteria": {
      "in_water": "2025-09-26 04:03:39 +0000"
    },
    "done": true
  },
  "minecraft:recipes/transportation/birch_boat": {
    "criteria": {
      "in_water": "2025-09-26 04:03:39 +0000"
    },
    "done": true
  },
  "minecraft:recipes/transportation/oak_boat": {
    "criteria": {
      "in_water": "2025-09-26 04:03:39 +0000"
    },
    "done": true
  },
  "minecraft:recipes/transportation/mangrove_boat": {
    "criteria": {
      "in_water": "2025-09-26 04:03:39 +0000"
    },
    "done": true
  },
  "minecraft:recipes/transportation/dark_oak_boat": {
    "criteria": {
      "in_water": "2025-09-26 04:03:39 +0000"
    },
    "done": true
  },
  "sophisticatedbackpacks:recipes/misc/copper_backpack": {
    "criteria": {
      "has_backpack": "2025-09-26 04:05:17 +0000"
    },
    "done": true
  },
  "sophisticatedbackpacks:recipes/misc/iron_backpack": {
    "criteria": {
      "has_backpack": "2025-09-26 04:05:17 +0000"
    },
    "done": true
  },
  "supplementaries:recipes/cage": {
    "criteria": {
      "has_iron_bars": "2025-09-26 04:05:39 +0000"
    },
    "done": true
  },
  "mca:recipes/misc/comb": {
    "criteria": {
      "has_item": "2025-09-26 04:05:39 +0000"
    },
    "done": true
  },
  "minecraft:recipes/misc/charcoal": {
    "criteria": {
      "has_log": "2025-09-26 04:06:31 +0000"
    },
    "done": true
  },
  "minecraft:recipes/building_blocks/oak_planks": {
    "criteria": {
      "has_logs": "2025-09-26 04:06:31 +0000"
    },
    "done": true
  },
  "minecraft:recipes/building_blocks/oak_wood": {
    "criteria": {
      "has_log": "2025-09-26 04:06:31 +0000"
    },
    "done": true
  },
  "minecraft:recipes/decorations/ladder": {
    "criteria": {
      "has_stick": "2025-09-26 04:20:39 +0000"
    },
    "done": true
  },
  "supplementaries:recipes/crank": {
    "criteria": {
      "forge:rods/wooden": "2025-09-26 04:20:39 +0000"
    },
    "done": true
  },
  "minecraft:recipes/decorations/oak_sign": {
    "criteria": {
      "has_planks": "2025-09-26 04:20:01 +0000"
    },
    "done": true
  },
  "supplementaries:recipes/flags/flag_orange": {
    "criteria": {
      "has_stick": "2025-09-26 04:20:39 +0000"
    },
    "done": true
  },
  "supplementaries:recipes/flags/flag_magenta": {
    "criteria": {
      "has_stick": "2025-09-26 04:20:39 +0000"
    },
    "done": true
  },
  "minecraft:story/mine_stone": {
    "criteria": {
      "get_stone": "2025-09-26 04:28:09 +0000"
    },
    "done": true
  },
  "minecraft:recipes/decorations/furnace": {
    "criteria": {
      "has_cobblestone": "2025-09-26 04:28:09 +0000"
    },
    "done": true
  },
  "supplementaries:recipes/lock_block": {
    "criteria": {
      "minecraft:planks": "2025-09-26 04:20:01 +0000"
    },
    "done": true
  },
  "minecraft:recipes/tools/wooden_axe": {
    "criteria": {
      "has_stick": "2025-09-26 04:20:39 +0000"
    },
    "done": true
  },
  "minecraft:recipes/decorations/chest": {
    "criteria": {
      "has_lots_of_items": "2025-09-26 04:24:31 +0000"
    },
    "done": true
  },
  "minecraft:recipes/misc/stick": {
    "criteria": {
      "has_planks": "2025-09-26 04:20:01 +0000"
    },
    "done": true
  },
  "minecraft:recipes/building_blocks/cobblestone_slab_from_cobblestone_stonecutting": {
    "criteria": {
      "has_cobblestone": "2025-09-26 04:28:09 +0000"
    },
    "done": true
  },
  "minecraft:adventure/kill_all_mobs": {
    "criteria": {
      "minecraft:pillager": "2025-09-26 04:21:07 +0000"
    },
    "done": false
  },
  "minecraft:recipes/building_blocks/stone": {
    "criteria": {
      "has_cobblestone": "2025-09-26 04:28:09 +0000"
    },
    "done": true
  },
  "supplementaries:recipes/daub_cross_brace": {
    "criteria": {
      "forge:rods/wooden": "2025-09-26 04:20:39 +0000"
    },
    "done": true
  },
  "minecraft:recipes/building_blocks/oak_slab": {
    "criteria": {
      "has_planks": "2025-09-26 04:20:01 +0000"
    },
    "done": true
  },
  "supplementaries:recipes/flags/flag_pink": {
    "criteria": {
      "has_stick": "2025-09-26 04:20:39 +0000"
    },
    "done": true
  },
  "minecraft:recipes/tools/stone_pickaxe": {
    "criteria": {
      "has_cobblestone": "2025-09-26 04:28:09 +0000"
    },
    "done": true
  },
  "mca:recipes/decorations/cyan_oak_crib": {
    "criteria": {
      "has_oak_planks": "2025-09-26 04:20:01 +0000"
    },
    "done": true
  },
  "minecraft:recipes/decorations/campfire": {
    "criteria": {
      "has_stick": "2025-09-26 04:20:39 +0000"
    },
    "done": true
  },
  "supplementaries:recipes/timber_frame": {
    "criteria": {
      "forge:rods/wooden": "2025-09-26 04:20:39 +0000"
    },
    "done": true
  },
  "minecraft:recipes/tools/wooden_hoe": {
    "criteria": {
      "has_stick": "2025-09-26 04:20:39 +0000"
    },
    "done": true
  },
  "minecraft:recipes/redstone/oak_fence_gate": {
    "criteria": {
      "has_planks": "2025-09-26 04:20:01 +0000"
    },
    "done": true
  },
  "supplementaries:recipes/slingshot": {
    "criteria": {
      "forge:rods/wooden": "2025-09-26 04:20:39 +0000"
    },
    "done": true
  },
  "supplementaries:recipes/timber_brace": {
    "criteria": {
      "forge:rods/wooden": "2025-09-26 04:20:39 +0000"
    },
    "done": true
  },
  "mca:recipes/decorations/white_oak_crib": {
    "criteria": {
      "has_oak_planks": "2025-09-26 04:20:01 +0000"
    },
    "done": true
  },
  "minecraft:recipes/redstone/oak_door": {
    "criteria": {
      "has_planks": "2025-09-26 04:20:01 +0000"
    },
    "done": true
  },
  "supplementaries:recipes/turn_table": {
    "criteria": {
      "minecraft:planks": "2025-09-26 04:20:01 +0000"
    },
    "done": true
  },
  "minecraft:recipes/tools/wooden_shovel": {
    "criteria": {
      "has_stick": "2025-09-26 04:20:39 +0000"
    },
    "done": true
  },
  "minecraft:recipes/building_blocks/cobblestone_slab": {
    "criteria": {
      "has_cobblestone": "2025-09-26 04:28:09 +0000"
    },
    "done": true
  },
  "paraglider:recipes/misc/paraglider": {
    "criteria": {
      "has_stick": "2025-09-26 04:20:39 +0000"
    },
    "done": true
  },
  "minecraft:adventure/root": {
    "criteria": {
      "killed_something": "2025-09-26 04:21:07 +0000"
    },
    "done": true
  },
  "supplementaries:recipes/clock_block": {
    "criteria": {
      "minecraft:planks": "2025-09-26 04:20:01 +0000"
    },
    "done": true
  },
  "supplementaries:recipes/flags/flag_black": {
    "criteria": {
      "has_stick": "2025-09-26 04:20:39 +0000"
    },
    "done": true
  },
  "mca:recipes/building_blocks/headstones": {
    "criteria": {
      "has_ingredients": "2025-09-26 04:28:09 +0000"
    },
    "done": true
  },
  "minecraft:recipes/combat/wooden_sword": {
    "criteria": {
      "has_stick": "2025-09-26 04:20:39 +0000"
    },
    "done": true
  },
  "minecraft:recipes/decorations/barrel": {
    "criteria": {
      "has_planks": "2025-09-26 04:20:01 +0000"
    },
    "done": true
  },
  "supplementaries:recipes/flags/flag_green": {
    "criteria": {
      "has_stick": "2025-09-26 04:20:39 +0000"
    },
    "done": true
  },
  "minecraft:recipes/decorations/cobblestone_wall_from_cobblestone_stonecutting": {
    "criteria": {
      "has_cobblestone": "2025-09-26 04:28:09 +0000"
    },
    "done": true
  },
  "minecraft:recipes/building_blocks/cobblestone_stairs": {
    "criteria": {
      "has_cobblestone": "2025-09-26 04:28:09 +0000"
    },
    "done": true
  },
  "mca:recipes/decorations/green_oak_crib": {
    "criteria": {
      "has_oak_planks": "2025-09-26 04:20:01 +0000"
    },
    "done": true
  },
  "supplementaries:recipes/flags/flag_purple": {
    "criteria": {
      "has_stick": "2025-09-26 04:20:39 +0000"
    },
    "done": true
  },
  "minecraft:recipes/tools/stone_shovel": {
    "criteria": {
      "has_cobblestone": "2025-09-26 04:28:09 +0000"
    },
    "done": true
  },
  "supplementaries:recipes/flags/flag_white": {
    "criteria": {
      "has_stick": "2025-09-26 04:20:39 +0000"
    },
    "done": true
  },
  "minecraft:recipes/redstone/lever": {
    "criteria": {
      "has_cobblestone": "2025-09-26 04:28:09 +0000"
    },
    "done": true
  },
  "supplementaries:recipes/timber_cross_brace": {
    "criteria": {
      "forge:rods/wooden": "2025-09-26 04:20:39 +0000"
    },
    "done": true
  },
  "mca:recipes/decorations/light_gray_oak_crib": {
    "criteria": {
      "has_oak_planks": "2025-09-26 04:20:01 +0000"
    },
    "done": true
  },
  "minecraft:recipes/redstone/oak_trapdoor": {
    "criteria": {
      "has_planks": "2025-09-26 04:20:01 +0000"
    },
    "done": true
  },
  "minecraft:recipes/combat/stone_sword": {
    "criteria": {
      "has_cobblestone": "2025-09-26 04:28:09 +0000"
    },
    "done": true
  },
  "minecraft:recipes/decorations/cobblestone_wall": {
    "criteria": {
      "has_cobblestone": "2025-09-26 04:28:09 +0000"
    },
    "done": true
  },
  "minecraft:recipes/tools/stone_axe": {
    "criteria": {
      "has_cobblestone": "2025-09-26 04:28:09 +0000"
    },
    "done": true
  },
  "supplementaries:recipes/flags/flag_brown": {
    "criteria": {
      "has_stick": "2025-09-26 04:20:39 +0000"
    },
    "done": true
  },
  "supplementaries:recipes/flags/flag_gray": {
    "criteria": {
      "has_stick": "2025-09-26 04:20:39 +0000"
    },
    "done": true
  },
  "mca:recipes/decorations/blue_oak_crib": {
    "criteria": {
      "has_oak_planks": "2025-09-26 04:20:01 +0000"
    },
    "done": true
  },
  "farmersdelight:recipes/combat/flint_knife": {
    "criteria": {
      "has_stick": "2025-09-26 04:20:39 +0000"
    },
    "done": true
  },
  "supplementaries:recipes/flower_box": {
    "criteria": {
      "has_dirt": "2025-09-26 04:21:39 +0000"
    },
    "done": true
  },
  "supplementaries:recipes/faucet": {
    "criteria": {
      "forge:rods/wooden": "2025-09-26 04:20:39 +0000"
    },
    "done": true
  },
  "mca:recipes/decorations/purple_oak_crib": {
    "criteria": {
      "has_oak_planks": "2025-09-26 04:20:01 +0000"
    },
    "done": true
  },
  "supplementaries:recipes/bed_from_feather_block": {
    "criteria": {
      "minecraft:planks": "2025-09-26 04:20:01 +0000"
    },
    "done": true
  },
  "supplementaries:recipes/checker": {
    "criteria": {
      "has_cobblestone": "2025-09-26 04:28:09 +0000"
    },
    "done": true
  },
  "mca:recipes/decorations/red_oak_crib": {
    "criteria": {
      "has_oak_planks": "2025-09-26 04:20:01 +0000"
    },
    "done": true
  },
  "minecraft:recipes/building_blocks/oak_stairs": {
    "criteria": {
      "has_planks": "2025-09-26 04:20:01 +0000"
    },
    "done": true
  },
  "minecraft:recipes/decorations/oak_fence": {
    "criteria": {
      "has_planks": "2025-09-26 04:20:01 +0000"
    },
    "done": true
  },
  "iceandfire:recipes/misc/earplugs": {
    "criteria": {
      "has_item": "2025-09-26 04:20:01 +0000"
    },
    "done": true
  },
  "mca:recipes/decorations/magenta_oak_crib": {
    "criteria": {
      "has_oak_planks": "2025-09-26 04:20:01 +0000"
    },
    "done": true
  },
  "supplementaries:recipes/speaker_block": {
    "criteria": {
      "minecraft:planks": "2025-09-26 04:20:01 +0000"
    },
    "done": true
  },
  "l2weaponry:recipes/misc/misc/reinforced_handle": {
    "criteria": {
      "has_stick": "2025-09-26 04:20:39 +0000"
    },
    "done": true
  },
  "supplementaries:recipes/flags/flag_light_blue": {
    "criteria": {
      "has_stick": "2025-09-26 04:20:39 +0000"
    },
    "done": true
  },
  "minecraft:recipes/redstone/oak_button": {
    "criteria": {
      "has_planks": "2025-09-26 04:20:01 +0000"
    },
    "done": true
  },
  "supplementaries:recipes/daub_brace": {
    "criteria": {
      "forge:rods/wooden": "2025-09-26 04:20:39 +0000"
    },
    "done": true
  },
  "supplementaries:recipes/flags/flag_blue": {
    "criteria": {
      "has_stick": "2025-09-26 04:20:39 +0000"
    },
    "done": true
  },
  "supplementaries:recipes/notice_board": {
    "criteria": {
      "minecraft:planks": "2025-09-26 04:20:01 +0000"
    },
    "done": true
  },
  "supplementaries:recipes/daub_frame": {
    "criteria": {
      "forge:rods/wooden": "2025-09-26 04:20:39 +0000"
    },
    "done": true
  },
  "mca:recipes/decorations/lime_oak_crib": {
    "criteria": {
      "has_oak_planks": "2025-09-26 04:20:01 +0000"
    },
    "done": true
  },
  "minecraft:recipes/tools/wooden_pickaxe": {
    "criteria": {
      "has_stick": "2025-09-26 04:20:39 +0000"
    },
    "done": true
  },
  "supplementaries:recipes/flags/flag_cyan": {
    "criteria": {
      "has_stick": "2025-09-26 04:20:39 +0000"
    },
    "done": true
  },
  "minecraft:recipes/redstone/oak_pressure_plate": {
    "criteria": {
      "has_planks": "2025-09-26 04:20:01 +0000"
    },
    "done": true
  },
  "supplementaries:recipes/flags/flag_yellow": {
    "criteria": {
      "has_stick": "2025-09-26 04:20:39 +0000"
    },
    "done": true
  },
  "mca:recipes/decorations/black_oak_crib": {
    "criteria": {
      "has_oak_planks": "2025-09-26 04:20:01 +0000"
    },
    "done": true
  },
  "supplementaries:recipes/flags/flag_light_gray": {
    "criteria": {
      "has_stick": "2025-09-26 04:20:39 +0000"
    },
    "done": true
  },
  "mca:recipes/decorations/pink_oak_crib": {
    "criteria": {
      "has_oak_planks": "2025-09-26 04:20:01 +0000"
    },
    "done": true
  },
  "mca:recipes/decorations/orange_oak_crib": {
    "criteria": {
      "has_oak_planks": "2025-09-26 04:20:01 +0000"
    },
    "done": true
  },
  "mca:recipes/decorations/brown_oak_crib": {
    "criteria": {
      "has_oak_planks": "2025-09-26 04:20:01 +0000"
    },
    "done": true
  },
  "supplementaries:recipes/flags/flag_red": {
    "criteria": {
      "has_stick": "2025-09-26 04:20:39 +0000"
    },
    "done": true
  },
  "mca:recipes/decorations/yellow_oak_crib": {
    "criteria": {
      "has_oak_planks": "2025-09-26 04:20:01 +0000"
    },
    "done": true
  },
  "minecraft:adventure/kill_a_mob": {
    "criteria": {
      "minecraft:pillager": "2025-09-26 04:21:07 +0000"
    },
    "done": true
  },
  "supplementaries:recipes/pulley": {
    "criteria": {
      "minecraft:planks": "2025-09-26 04:20:01 +0000"
    },
    "done": true
  },
  "minecraft:recipes/building_blocks/cobblestone_stairs_from_cobblestone_stonecutting": {
    "criteria": {
      "has_cobblestone": "2025-09-26 04:28:09 +0000"
    },
    "done": true
  },
  "farmersdelight:recipes/decorations/cutting_board": {
    "criteria": {
      "has_stick": "2025-09-26 04:20:39 +0000"
    },
    "done": true
  },
  "minecraft:husbandry/balanced_diet": {
    "criteria": {
      "bread": "2025-09-26 04:19:32 +0000"
    },
    "done": false
  },
  "minecraft:recipes/tools/stone_hoe": {
    "criteria": {
      "has_cobblestone": "2025-09-26 04:28:09 +0000"
    },
    "done": true
  },
  "mca:recipes/decorations/light_blue_oak_crib": {
    "criteria": {
      "has_oak_planks": "2025-09-26 04:20:01 +0000"
    },
    "done": true
  },
  "mca:recipes/decorations/gray_oak_crib": {
    "criteria": {
      "has_oak_planks": "2025-09-26 04:20:01 +0000"
    },
    "done": true
  },
  "supplementaries:recipes/flags/flag_lime": {
    "criteria": {
      "has_stick": "2025-09-26 04:20:39 +0000"
    },
    "done": true
  },
  "DataVersion": 3465
}