{
  "takesapillage:root": {
    "criteria": {
      "always": "2025-09-26 01:43:59 +0000"
    },
    "done": true
  },
  "minecraft:recipes/decorations/crafting_table": {
    "criteria": {
      "unlock_right_away": "2025-09-26 01:43:59 +0000"
    },
    "done": true
  },
  "naturalist:recipes/food/cooked_egg": {
    "criteria": {
      "has_eggs": "2025-09-26 01:43:59 +0000"
    },
    "done": true
  },
  "mowziesmobs:root": {
    "criteria": {
      "custom_test_name": "2025-09-26 01:43:59 +0000"
    },
    "done": true
  },
  "irons_spellbooks:grant_patchouli": {
    "criteria": {
      "tick": "2025-09-26 01:43:59 +0000"
    },
    "done": true
  },
  "iceandfire:iceandfire/root": {
    "criteria": {
      "tick": "2025-09-26 01:43:59 +0000"
    },
    "done": true
  },
  "dungeons_arise:wda_root": {
    "criteria": {
      "WDA": "2025-09-26 01:43:59 +0000"
    },
    "done": true
  },
  "crossbowverhaul:recipes/combat/bolt_explosive": {
    "criteria": {
      "has_blazepowder": "2025-09-26 01:43:59 +0000",
      "has_bolt": "2025-09-26 01:43:59 +0000"
    },
    "done": true
  },
  "minecraft:recipes/combat/crossbow": {
    "criteria": {
      "has_bow": "2025-09-26 01:43:59 +0000"
    },
    "done": true
  },
  "born_in_chaos_v1:bornin_chaos": {
    "criteria": {
      "bornin_chaos_0": "2025-09-26 01:43:59 +0000"
    },
    "done": true
  },
  "farmersdelight:main/root": {
    "criteria": {
      "seeds": "2025-09-26 01:43:59 +0000"
    },
    "done": true
  },
  "crossbowverhaul:recipes/combat/crossbow_netherite": {
    "criteria": {
      "has_crossbow": "2025-09-26 01:43:59 +0000"
    },
    "done": true
  },
  "crossbowverhaul:recipes/combat/bolt_netherite": {
    "criteria": {
      "has_feather": "2025-09-26 01:43:59 +0000"
    },
    "done": true
  },
  "minecraft:adventure/adventuring_time": {
    "criteria": {
      "minecraft:wooded_badlands": "2025-10-15 17:07:30 +0000",
      "minecraft:badlands": "2025-10-15 16:15:17 +0000",
      "minecraft:savanna_plateau": "2025-09-26 01:47:48 +0000",
      "minecraft:beach": "2025-10-15 21:12:05 +0000",
      "minecraft:stony_peaks": "2025-10-03 00:19:57 +0000",
      "minecraft:sparse_jungle": "2025-10-15 20:09:38 +0000",
      "minecraft:river": "2025-09-26 01:48:25 +0000",
      "minecraft:lukewarm_ocean": "2025-10-15 21:12:19 +0000",
      "minecraft:dripstone_caves": "2025-09-26 02:34:35 +0000",
      "minecraft:forest": "2025-09-26 01:58:25 +0000",
      "minecraft:desert": "2025-10-15 16:36:43 +0000",
      "minecraft:jungle": "2025-10-15 20:10:05 +0000",
      "minecraft:savanna": "2025-09-26 01:44:00 +0000",
      "minecraft:plains": "2025-09-26 01:48:38 +0000"
    },
    "done": false
  },
  "alexsmobs:alexsmobs/root": {
    "criteria": {
      "useitem": "2025-09-26 01:45:08 +0000"
    },
    "done": true
  },
  "minecraft:husbandry/root": {
    "criteria": {
      "consumed_item": "2025-09-26 01:45:08 +0000"
    },
    "done": true
  },
  "minecraft:adventure/root": {
    "criteria": {
      "killed_something": "2025-09-26 01:45:42 +0000"
    },
    "done": true
  },
  "minecraft:recipes/food/cooked_mutton_from_smoking": {
    "criteria": {
      "has_mutton": "2025-09-26 01:45:43 +0000"
    },
    "done": true
  },
  "minecraft:recipes/decorations/white_bed": {
    "criteria": {
      "has_white_wool": "2025-09-26 01:45:43 +0000"
    },
    "done": true
  },
  "supplementaries:recipes/flags/flag_white": {
    "criteria": {
      "has_white_wool": "2025-09-26 01:45:43 +0000"
    },
    "done": true
  },
  "l2complements:recipes/burnt/burnt/mutton": {
    "criteria": {
      "has_mutton": "2025-09-26 01:45:43 +0000"
    },
    "done": true
  },
  "iceandfire:recipes/misc/dragon_meal": {
    "criteria": {
      "has_item": "2025-09-26 01:45:43 +0000"
    },
    "done": true
  },
  "minecraft:recipes/decorations/painting": {
    "criteria": {
      "has_wool": "2025-09-26 01:45:43 +0000"
    },
    "done": true
  },
  "minecraft:recipes/decorations/white_carpet": {
    "criteria": {
      "has_white_wool": "2025-09-26 01:45:43 +0000"
    },
    "done": true
  },
  "minecraft:recipes/food/cooked_mutton": {
    "criteria": {
      "has_mutton": "2025-09-26 01:45:43 +0000"
    },
    "done": true
  },
  "minecraft:recipes/decorations/white_banner": {
    "criteria": {
      "has_white_wool": "2025-09-26 01:45:43 +0000"
    },
    "done": true
  },
  "minecraft:recipes/food/cooked_mutton_from_campfire_cooking": {
    "criteria": {
      "has_mutton": "2025-09-26 01:45:43 +0000"
    },
    "done": true
  },
  "farmersdelight:recipes/cooking/pasta_with_mutton_chop": {
    "criteria": {
      "has_any_ingredient": "2025-09-26 01:45:43 +0000"
    },
    "done": true
  },
  "mca:root": {
    "criteria": {
      "village_plains": "2025-09-26 01:48:37 +0000"
    },
    "done": true
  },
  "deeperdarker:recipes/transportation/echo_boat": {
    "criteria": {
      "in_water": "2025-09-26 01:49:09 +0000"
    },
    "done": true
  },
  "deeperdarker:recipes/transportation/bloom_boat": {
    "criteria": {
      "in_water": "2025-09-26 01:49:09 +0000"
    },
    "done": true
  },
  "minecraft:recipes/transportation/cherry_boat": {
    "criteria": {
      "in_water": "2025-09-26 01:49:09 +0000"
    },
    "done": true
  },
  "minecraft:recipes/transportation/bamboo_raft": {
    "criteria": {
      "in_water": "2025-09-26 01:49:09 +0000"
    },
    "done": true
  },
  "minecraft:recipes/transportation/acacia_boat": {
    "criteria": {
      "in_water": "2025-09-26 01:49:09 +0000"
    },
    "done": true
  },
  "minecraft:recipes/transportation/jungle_boat": {
    "criteria": {
      "in_water": "2025-09-26 01:49:09 +0000"
    },
    "done": true
  },
  "minecraft:recipes/transportation/spruce_boat": {
    "criteria": {
      "in_water": "2025-09-26 01:49:09 +0000"
    },
    "done": true
  },
  "minecraft:recipes/transportation/birch_boat": {
    "criteria": {
      "in_water": "2025-09-26 01:49:09 +0000"
    },
    "done": true
  },
  "minecraft:recipes/transportation/oak_boat": {
    "criteria": {
      "in_water": "2025-09-26 01:49:09 +0000"
    },
    "done": true
  },
  "minecraft:recipes/transportation/mangrove_boat": {
    "criteria": {
      "in_water": "2025-09-26 01:49:09 +0000"
    },
    "done": true
  },
  "minecraft:recipes/transportation/dark_oak_boat": {
    "criteria": {
      "in_water": "2025-09-26 01:49:09 +0000"
    },
    "done": true
  },
  "minecraft:husbandry/balanced_diet": {
    "criteria": {
      "cooked_porkchop": "2025-09-26 02:06:53 +0000",
      "cooked_mutton": "2025-09-26 02:43:35 +0000",
      "cooked_beef": "2025-10-15 16:39:06 +0000",
      "apple": "2025-10-03 00:21:07 +0000",
      "mutton": "2025-09-26 01:52:01 +0000",
      "bread": "2025-10-03 00:42:19 +0000",
      "cooked_chicken": "2025-09-26 02:41:53 +0000",
      "carrot": "2025-09-26 02:32:42 +0000"
    },
    "done": false
  },
  "minecraft:adventure/sleep_in_bed": {
    "criteria": {
      "slept_in_bed": "2025-09-26 01:52:28 +0000"
    },
    "done": true
  },
  "l2weaponry:recipes/tools/generated/craft/iron_plate_shield_enchanted": {
    "criteria": {
      "has_iron_ingot": "2025-09-26 01:55:46 +0000"
    },
    "done": true
  },
  "supplementaries:recipes/spring_launcher": {
    "criteria": {
      "has_iron_ingot": "2025-09-26 01:55:46 +0000"
    },
    "done": true
  },
  "supplementaries:recipes/candle_holders/candle_holder_blue": {
    "criteria": {
      "has_iron_ingot": "2025-09-26 01:55:46 +0000"
    },
    "done": true
  },
  "minecraft:recipes/combat/iron_helmet": {
    "criteria": {
      "has_iron_ingot": "2025-09-26 01:55:46 +0000"
    },
    "done": true
  },
  "supplementaries:recipes/candle_holders/candle_holder_lime": {
    "criteria": {
      "has_iron_ingot": "2025-09-26 01:55:46 +0000"
    },
    "done": true
  },
  "supplementaries:recipes/lock_block": {
    "criteria": {
      "has_iron_ingot": "2025-09-26 01:55:46 +0000"
    },
    "done": true
  },
  "supplementaries:recipes/candle_holders/candle_holder_light_blue": {
    "criteria": {
      "has_iron_ingot": "2025-09-26 01:55:46 +0000"
    },
    "done": true
  },
  "supplementaries:recipes/candle_holders/candle_holder_gray": {
    "criteria": {
      "has_iron_ingot": "2025-09-26 01:55:46 +0000"
    },
    "done": true
  },
  "minecraft:recipes/tools/shears": {
    "criteria": {
      "has_iron_ingot": "2025-09-26 01:55:46 +0000"
    },
    "done": true
  },
  "supplementaries:recipes/cage": {
    "criteria": {
      "has_iron_ingot": "2025-09-26 01:55:46 +0000"
    },
    "done": true
  },
  "minecraft:recipes/building_blocks/iron_block": {
    "criteria": {
      "has_iron_ingot": "2025-09-26 01:55:46 +0000"
    },
    "done": true
  },
  "farmersdelight:recipes/decorations/cooking_pot": {
    "criteria": {
      "has_iron_ingot": "2025-09-26 01:55:46 +0000"
    },
    "done": true
  },
  "supplementaries:recipes/bomb": {
    "criteria": {
      "has_iron_ingot": "2025-09-26 01:55:46 +0000"
    },
    "done": true
  },
  "supplementaries:recipes/candle_holders/candle_holder_light_gray": {
    "criteria": {
      "has_iron_ingot": "2025-09-26 01:55:46 +0000"
    },
    "done": true
  },
  "l2weaponry:recipes/tools/generated/craft/iron_machete_enchanted": {
    "criteria": {
      "has_iron_ingot": "2025-09-26 01:55:46 +0000"
    },
    "done": true
  },
  "minecraft:recipes/redstone/hopper": {
    "criteria": {
      "has_iron_ingot": "2025-09-26 01:55:46 +0000"
    },
    "done": true
  },
  "supplementaries:recipes/candle_holders/candle_holder_orange": {
    "criteria": {
      "has_iron_ingot": "2025-09-26 01:55:46 +0000"
    },
    "done": true
  },
  "supplementaries:recipes/candle_holders/candle_holder_purple": {
    "criteria": {
      "has_iron_ingot": "2025-09-26 01:55:46 +0000"
    },
    "done": true
  },
  "mca:recipes/misc/comb": {
    "criteria": {
      "has_item": "2025-09-26 01:55:46 +0000"
    },
    "done": true
  },
  "minecraft:recipes/combat/iron_boots": {
    "criteria": {
      "has_iron_ingot": "2025-09-26 01:55:46 +0000"
    },
    "done": true
  },
  "minecraft:recipes/decorations/lantern": {
    "criteria": {
      "has_iron_ingot": "2025-09-26 01:55:46 +0000"
    },
    "done": true
  },
  "bettertools:recipes/tools/iron_scythe": {
    "criteria": {
      "has_iron_ingot": "2025-09-26 01:55:46 +0000"
    },
    "done": true
  },
  "supplementaries:recipes/candle_holders/candle_holder_red": {
    "criteria": {
      "has_iron_ingot": "2025-09-26 01:55:46 +0000"
    },
    "done": true
  },
  "minecraft:recipes/tools/iron_shovel": {
    "criteria": {
      "has_iron_ingot": "2025-09-26 01:55:46 +0000"
    },
    "done": true
  },
  "supplementaries:recipes/bubble_blower": {
    "criteria": {
      "has_iron_ingot": "2025-09-26 01:55:46 +0000"
    },
    "done": true
  },
  "bettertools:recipes/tools/iron_hammer": {
    "criteria": {
      "has_iron_ingot": "2025-09-26 01:55:46 +0000"
    },
    "done": true
  },
  "minecraft:recipes/redstone/iron_trapdoor": {
    "criteria": {
      "has_iron_ingot": "2025-09-26 01:55:46 +0000"
    },
    "done": true
  },
  "l2weaponry:recipes/tools/generated/craft/iron_round_shield_enchanted": {
    "criteria": {
      "has_iron_ingot": "2025-09-26 01:55:46 +0000"
    },
    "done": true
  },
  "farmersdelight:recipes/combat/iron_knife": {
    "criteria": {
      "has_iron_ingot": "2025-09-26 01:55:46 +0000"
    },
    "done": true
  },
  "supplementaries:recipes/candle_holders/candle_holder_magenta": {
    "criteria": {
      "has_iron_ingot": "2025-09-26 01:55:46 +0000"
    },
    "done": true
  },
  "l2weaponry:recipes/tools/generated/craft/iron_javelin_enchanted": {
    "criteria": {
      "has_iron_ingot": "2025-09-26 01:55:46 +0000"
    },
    "done": true
  },
  "minecraft:recipes/redstone/heavy_weighted_pressure_plate": {
    "criteria": {
      "has_iron_ingot": "2025-09-26 01:55:46 +0000"
    },
    "done": true
  },
  "crossbowverhaul:recipes/combat/bolt_iron": {
    "criteria": {
      "has_ingot": "2025-09-26 01:55:46 +0000"
    },
    "done": true
  },
  "minecraft:recipes/combat/iron_leggings": {
    "criteria": {
      "has_iron_ingot": "2025-09-26 01:55:46 +0000"
    },
    "done": true
  },
  "l2weaponry:recipes/tools/generated/craft/iron_nunchaku_enchanted": {
    "criteria": {
      "has_iron_ingot": "2025-09-26 01:55:46 +0000"
    },
    "done": true
  },
  "minecraft:recipes/combat/iron_chestplate": {
    "criteria": {
      "has_iron_ingot": "2025-09-26 01:55:46 +0000"
    },
    "done": true
  },
  "minecraft:recipes/misc/iron_nugget": {
    "criteria": {
      "has_iron_ingot": "2025-09-26 01:55:46 +0000"
    },
    "done": true
  },
  "l2weaponry:recipes/tools/generated/craft/iron_spear_enchanted": {
    "criteria": {
      "has_iron_ingot": "2025-09-26 01:55:46 +0000"
    },
    "done": true
  },
  "minecraft:recipes/misc/bucket": {
    "criteria": {
      "has_iron_ingot": "2025-09-26 01:55:46 +0000"
    },
    "done": true
  },
  "l2weaponry:recipes/tools/generated/craft/iron_throwing_axe_enchanted": {
    "criteria": {
      "has_iron_ingot": "2025-09-26 01:55:46 +0000"
    },
    "done": true
  },
  "minecraft:recipes/transportation/minecart": {
    "criteria": {
      "has_iron_ingot": "2025-09-26 01:55:46 +0000"
    },
    "done": true
  },
  "supplementaries:recipes/faucet": {
    "criteria": {
      "has_iron_ingot": "2025-09-26 01:55:46 +0000"
    },
    "done": true
  },
  "minecraft:recipes/tools/iron_hoe": {
    "criteria": {
      "has_iron_ingot": "2025-09-26 01:55:46 +0000"
    },
    "done": true
  },
  "supplementaries:recipes/candle_holders/candle_holder_pink": {
    "criteria": {
      "has_iron_ingot": "2025-09-26 01:55:46 +0000"
    },
    "done": true
  },
  "l2weaponry:recipes/tools/generated/craft/iron_battle_axe_enchanted": {
    "criteria": {
      "has_iron_ingot": "2025-09-26 01:55:46 +0000"
    },
    "done": true
  },
  "minecraft:story/smelt_iron": {
    "criteria": {
      "iron": "2025-09-26 01:55:46 +0000"
    },
    "done": true
  },
  "supplementaries:recipes/candle_holders/candle_holder_white": {
    "criteria": {
      "has_iron_ingot": "2025-09-26 01:55:46 +0000"
    },
    "done": true
  },
  "minecraft:recipes/decorations/chain": {
    "criteria": {
      "has_iron_ingot": "2025-09-26 01:55:46 +0000"
    },
    "done": true
  },
  "minecraft:recipes/decorations/smithing_table": {
    "criteria": {
      "has_iron_ingot": "2025-09-26 01:55:46 +0000"
    },
    "done": true
  },
  "mca:recipes/misc/needle_and_thread": {
    "criteria": {
      "has_item": "2025-09-26 01:55:46 +0000"
    },
    "done": true
  },
  "mca:recipes/misc/whistle": {
    "criteria": {
      "has_item": "2025-09-26 01:55:46 +0000"
    },
    "done": true
  },
  "supplementaries:recipes/candle_holders/candle_holder_brown": {
    "criteria": {
      "has_iron_ingot": "2025-09-26 01:55:46 +0000"
    },
    "done": true
  },
  "supplementaries:recipes/goblet": {
    "criteria": {
      "has_iron_ingot": "2025-09-26 01:55:46 +0000"
    },
    "done": true
  },
  "minecraft:recipes/combat/iron_sword": {
    "criteria": {
      "has_iron_ingot": "2025-09-26 01:55:46 +0000"
    },
    "done": true
  },
  "minecraft:recipes/tools/iron_pickaxe": {
    "criteria": {
      "has_iron_ingot": "2025-09-26 01:55:46 +0000"
    },
    "done": true
  },
  "supplementaries:recipes/iron_gate": {
    "criteria": {
      "has_iron_ingot": "2025-09-26 01:55:46 +0000"
    },
    "done": true
  },
  "minecraft:recipes/combat/shield": {
    "criteria": {
      "has_iron_ingot": "2025-09-26 01:55:46 +0000"
    },
    "done": true
  },
  "minecraft:recipes/decorations/iron_bars": {
    "criteria": {
      "has_iron_ingot": "2025-09-26 01:55:46 +0000"
    },
    "done": true
  },
  "supplementaries:recipes/candle_holders/candle_holder_black": {
    "criteria": {
      "has_iron_ingot": "2025-09-26 01:55:46 +0000"
    },
    "done": true
  },
  "l2weaponry:recipes/tools/generated/craft/iron_claw_enchanted": {
    "criteria": {
      "has_iron_ingot": "2025-09-26 01:55:46 +0000"
    },
    "done": true
  },
  "supplementaries:recipes/candle_holders/candle_holder_green": {
    "criteria": {
      "has_iron_ingot": "2025-09-26 01:55:46 +0000"
    },
    "done": true
  },
  "supplementaries:recipes/candle_holders/candle_holder": {
    "criteria": {
      "has_iron_ingot": "2025-09-26 01:55:46 +0000"
    },
    "done": true
  },
  "bettertools:recipes/tools/glass_chipper": {
    "criteria": {
      "has_iron_ingot": "2025-09-26 01:55:46 +0000"
    },
    "done": true
  },
  "l2weaponry:recipes/tools/generated/craft/iron_dagger_enchanted": {
    "criteria": {
      "has_iron_ingot": "2025-09-26 01:55:46 +0000"
    },
    "done": true
  },
  "supplementaries:recipes/candle_holders/candle_holder_cyan": {
    "criteria": {
      "has_iron_ingot": "2025-09-26 01:55:46 +0000"
    },
    "done": true
  },
  "l2weaponry:recipes/tools/generated/craft/iron_hammer_enchanted": {
    "criteria": {
      "has_iron_ingot": "2025-09-26 01:55:46 +0000"
    },
    "done": true
  },
  "minecraft:recipes/tools/iron_axe": {
    "criteria": {
      "has_iron_ingot": "2025-09-26 01:55:46 +0000"
    },
    "done": true
  },
  "supplementaries:recipes/pulley": {
    "criteria": {
      "has_iron_ingot": "2025-09-26 01:55:46 +0000"
    },
    "done": true
  },
  "l2weaponry:recipes/tools/generated/craft/iron_scythe_enchanted": {
    "criteria": {
      "has_iron_ingot": "2025-09-26 01:55:46 +0000"
    },
    "done": true
  },
  "supplementaries:recipes/candle_holders/candle_holder_yellow": {
    "criteria": {
      "has_iron_ingot": "2025-09-26 01:55:46 +0000"
    },
    "done": true
  },
  "minecraft:recipes/redstone/iron_door": {
    "criteria": {
      "has_iron_ingot": "2025-09-26 01:55:46 +0000"
    },
    "done": true
  },
  "minecraft:recipes/decorations/campfire": {
    "criteria": {
      "has_coal": "2025-09-26 01:55:51 +0000"
    },
    "done": true
  },
  "minecraft:recipes/building_blocks/coal_block": {
    "criteria": {
      "has_coal": "2025-09-26 01:55:51 +0000"
    },
    "done": true
  },
  "minecraft:story/obtain_armor": {
    "criteria": {
      "iron_helmet": "2025-09-26 01:55:53 +0000"
    },
    "done": true
  },
  "minecraft:recipes/misc/iron_nugget_from_smelting": {
    "criteria": {
      "has_iron_helmet": "2025-09-26 01:55:53 +0000"
    },
    "done": true
  },
  "minecraft:recipes/misc/iron_nugget_from_blasting": {
    "criteria": {
      "has_iron_helmet": "2025-09-26 01:55:53 +0000"
    },
    "done": true
  },
  "minecraft:adventure/kill_all_mobs": {
    "criteria": {
      "minecraft:pillager": "2025-09-26 02:22:06 +0000",
      "minecraft:skeleton": "2025-09-26 01:57:30 +0000",
      "minecraft:spider": "2025-10-03 00:22:10 +0000",
      "minecraft:zombie": "2025-09-26 02:12:42 +0000"
    },
    "done": false
  },
  "minecraft:adventure/kill_a_mob": {
    "criteria": {
      "minecraft:skeleton": "2025-09-26 01:57:30 +0000"
    },
    "done": true
  },
  "minecraft:recipes/decorations/chest": {
    "criteria": {
      "has_lots_of_items": "2025-09-26 01:57:31 +0000"
    },
    "done": true
  },
  "minecraft:recipes/misc/bone_meal": {
    "criteria": {
      "has_bone": "2025-09-26 01:57:31 +0000"
    },
    "done": true
  },
  "farmersdelight:recipes/cooking/bone_broth": {
    "criteria": {
      "has_bone": "2025-09-26 01:57:31 +0000"
    },
    "done": true
  },
  "supplementaries:recipes/soap": {
    "criteria": {
      "has_porkchop": "2025-09-26 02:00:13 +0000"
    },
    "done": true
  },
  "minecraft:recipes/food/cooked_porkchop": {
    "criteria": {
      "has_porkchop": "2025-09-26 02:00:13 +0000"
    },
    "done": true
  },
  "l2complements:recipes/burnt/burnt/porkchop": {
    "criteria": {
      "has_porkchop": "2025-09-26 02:00:13 +0000"
    },
    "done": true
  },
  "minecraft:recipes/food/cooked_porkchop_from_smoking": {
    "criteria": {
      "has_porkchop": "2025-09-26 02:00:13 +0000"
    },
    "done": true
  },
  "farmersdelight:recipes/cooking/noodle_soup": {
    "criteria": {
      "has_any_ingredient": "2025-09-26 02:00:13 +0000"
    },
    "done": true
  },
  "minecraft:recipes/food/cooked_porkchop_from_campfire_cooking": {
    "criteria": {
      "has_porkchop": "2025-09-26 02:00:13 +0000"
    },
    "done": true
  },
  "farmersdelight:recipes/cooking/pumpkin_soup": {
    "criteria": {
      "has_any_ingredient": "2025-09-26 02:00:13 +0000"
    },
    "done": true
  },
  "bloomingnature:recipes/swamp_oak_wood": {
    "criteria": {
      "has_swamp_oak_log": "2025-09-26 02:00:33 +0000"
    },
    "done": true
  },
  "bloomingnature:recipes/swamp_oak_planks": {
    "criteria": {
      "has_swamp_oak_log": "2025-09-26 02:00:33 +0000"
    },
    "done": true
  },
  "minecraft:recipes/misc/charcoal": {
    "criteria": {
      "has_log": "2025-09-26 02:00:33 +0000"
    },
    "done": true
  },
  "bloomingnature:recipes/swamp_oak_chest_boat": {
    "criteria": {
      "has_swamp_oak_planks": "2025-09-26 02:00:57 +0000"
    },
    "done": true
  },
  "bloomingnature:recipes/swamp_oak_slab": {
    "criteria": {
      "has_swamp_oak_planks": "2025-09-26 02:00:57 +0000"
    },
    "done": true
  },
  "bloomingnature:recipes/swamp_oak_trapdoor": {
    "criteria": {
      "has_swamp_oak_planks": "2025-09-26 02:00:57 +0000"
    },
    "done": true
  },
  "minecraft:recipes/misc/stick": {
    "criteria": {
      "has_planks": "2025-09-26 02:00:57 +0000"
    },
    "done": true
  },
  "bloomingnature:recipes/swamp_oak_stairs": {
    "criteria": {
      "has_swamp_oak_planks": "2025-09-26 02:00:57 +0000"
    },
    "done": true
  },
  "supplementaries:recipes/turn_table": {
    "criteria": {
      "minecraft:planks": "2025-09-26 02:00:57 +0000"
    },
    "done": true
  },
  "supplementaries:recipes/clock_block": {
    "criteria": {
      "minecraft:planks": "2025-09-26 02:00:57 +0000"
    },
    "done": true
  },
  "minecraft:recipes/decorations/barrel": {
    "criteria": {
      "has_planks": "2025-09-26 02:00:57 +0000"
    },
    "done": true
  },
  "bloomingnature:recipes/swamp_oak_button": {
    "criteria": {
      "has_swamp_oak_planks": "2025-09-26 02:00:57 +0000"
    },
    "done": true
  },
  "supplementaries:recipes/bed_from_feather_block": {
    "criteria": {
      "minecraft:planks": "2025-09-26 02:00:57 +0000"
    },
    "done": true
  },
  "bloomingnature:recipes/swamp_oak_fence": {
    "criteria": {
      "has_swamp_oak_planks": "2025-09-26 02:00:57 +0000"
    },
    "done": true
  },
  "iceandfire:recipes/misc/earplugs": {
    "criteria": {
      "has_item": "2025-09-26 02:00:57 +0000"
    },
    "done": true
  },
  "supplementaries:recipes/speaker_block": {
    "criteria": {
      "minecraft:planks": "2025-09-26 02:00:57 +0000"
    },
    "done": true
  },
  "bloomingnature:recipes/swamp_oak_fence_gate": {
    "criteria": {
      "has_swamp_oak_planks": "2025-09-26 02:00:57 +0000"
    },
    "done": true
  },
  "bloomingnature:recipes/swamp_oak_boat": {
    "criteria": {
      "has_swamp_oak_planks": "2025-09-26 02:00:57 +0000"
    },
    "done": true
  },
  "bloomingnature:recipes/swamp_oak_window": {
    "criteria": {
      "has_swamp_oak_planks": "2025-09-26 02:00:57 +0000"
    },
    "done": true
  },
  "bloomingnature:recipes/swamp_oak_hanging_sign": {
    "criteria": {
      "has_swamp_oak_planks": "2025-09-26 02:00:57 +0000"
    },
    "done": true
  },
  "supplementaries:recipes/notice_board": {
    "criteria": {
      "minecraft:planks": "2025-09-26 02:00:57 +0000"
    },
    "done": true
  },
  "bloomingnature:recipes/swamp_oak_sign": {
    "criteria": {
      "has_swamp_oak_planks": "2025-09-26 02:00:57 +0000"
    },
    "done": true
  },
  "supplementaries:recipes/decorations/bloomingnature/sign_post_swamp_oak": {
    "criteria": {
      "has_item": "2025-09-26 02:00:57 +0000"
    },
    "done": true
  },
  "bloomingnature:recipes/swamp_oak_door": {
    "criteria": {
      "has_swamp_oak_planks": "2025-09-26 02:00:57 +0000"
    },
    "done": true
  },
  "paraglider:root": {
    "criteria": {
      "crafting_table": "2025-09-26 02:02:19 +0000"
    },
    "done": true
  },
  "minecraft:story/root": {
    "criteria": {
      "crafting_table": "2025-09-26 02:02:19 +0000"
    },
    "done": true
  },
  "minecraft:recipes/decorations/ladder": {
    "criteria": {
      "has_stick": "2025-09-26 02:02:27 +0000"
    },
    "done": true
  },
  "supplementaries:recipes/crank": {
    "criteria": {
      "forge:rods/wooden": "2025-09-26 02:02:27 +0000"
    },
    "done": true
  },
  "supplementaries:recipes/flags/flag_orange": {
    "criteria": {
      "has_stick": "2025-09-26 02:02:27 +0000"
    },
    "done": true
  },
  "supplementaries:recipes/flags/flag_magenta": {
    "criteria": {
      "has_stick": "2025-09-26 02:02:27 +0000"
    },
    "done": true
  },
  "minecraft:recipes/tools/wooden_axe": {
    "criteria": {
      "has_stick": "2025-09-26 02:02:27 +0000"
    },
    "done": true
  },
  "supplementaries:recipes/daub_cross_brace": {
    "criteria": {
      "forge:rods/wooden": "2025-09-26 02:02:27 +0000"
    },
    "done": true
  },
  "supplementaries:recipes/flags/flag_pink": {
    "criteria": {
      "has_stick": "2025-09-26 02:02:27 +0000"
    },
    "done": true
  },
  "supplementaries:recipes/timber_frame": {
    "criteria": {
      "forge:rods/wooden": "2025-09-26 02:02:27 +0000"
    },
    "done": true
  },
  "minecraft:recipes/tools/wooden_hoe": {
    "criteria": {
      "has_stick": "2025-09-26 02:02:27 +0000"
    },
    "done": true
  },
  "supplementaries:recipes/slingshot": {
    "criteria": {
      "forge:rods/wooden": "2025-09-26 02:02:27 +0000"
    },
    "done": true
  },
  "supplementaries:recipes/timber_brace": {
    "criteria": {
      "forge:rods/wooden": "2025-09-26 02:02:27 +0000"
    },
    "done": true
  },
  "minecraft:recipes/tools/wooden_shovel": {
    "criteria": {
      "has_stick": "2025-09-26 02:02:27 +0000"
    },
    "done": true
  },
  "paraglider:recipes/misc/paraglider": {
    "criteria": {
      "has_stick": "2025-09-26 02:02:27 +0000"
    },
    "done": true
  },
  "supplementaries:recipes/flags/flag_black": {
    "criteria": {
      "has_stick": "2025-09-26 02:02:27 +0000"
    },
    "done": true
  },
  "minecraft:recipes/combat/wooden_sword": {
    "criteria": {
      "has_stick": "2025-09-26 02:02:27 +0000"
    },
    "done": true
  },
  "supplementaries:recipes/flags/flag_green": {
    "criteria": {
      "has_stick": "2025-09-26 02:02:27 +0000"
    },
    "done": true
  },
  "supplementaries:recipes/flags/flag_purple": {
    "criteria": {
      "has_stick": "2025-09-26 02:02:27 +0000"
    },
    "done": true
  },
  "supplementaries:recipes/timber_cross_brace": {
    "criteria": {
      "forge:rods/wooden": "2025-09-26 02:02:27 +0000"
    },
    "done": true
  },
  "supplementaries:recipes/flags/flag_brown": {
    "criteria": {
      "has_stick": "2025-09-26 02:02:27 +0000"
    },
    "done": true
  },
  "supplementaries:recipes/flags/flag_gray": {
    "criteria": {
      "has_stick": "2025-09-26 02:02:27 +0000"
    },
    "done": true
  },
  "farmersdelight:recipes/combat/flint_knife": {
    "criteria": {
      "has_stick": "2025-09-26 02:02:27 +0000"
    },
    "done": true
  },
  "l2weaponry:recipes/misc/misc/reinforced_handle": {
    "criteria": {
      "has_stick": "2025-09-26 02:02:27 +0000"
    },
    "done": true
  },
  "supplementaries:recipes/flags/flag_light_blue": {
    "criteria": {
      "has_stick": "2025-09-26 02:02:27 +0000"
    },
    "done": true
  },
  "supplementaries:recipes/daub_brace": {
    "criteria": {
      "forge:rods/wooden": "2025-09-26 02:02:27 +0000"
    },
    "done": true
  },
  "supplementaries:recipes/flags/flag_blue": {
    "criteria": {
      "has_stick": "2025-09-26 02:02:27 +0000"
    },
    "done": true
  },
  "supplementaries:recipes/daub_frame": {
    "criteria": {
      "forge:rods/wooden": "2025-09-26 02:02:27 +0000"
    },
    "done": true
  },
  "minecraft:recipes/tools/wooden_pickaxe": {
    "criteria": {
      "has_stick": "2025-09-26 02:02:27 +0000"
    },
    "done": true
  },
  "supplementaries:recipes/flags/flag_cyan": {
    "criteria": {
      "has_stick": "2025-09-26 02:02:27 +0000"
    },
    "done": true
  },
  "supplementaries:recipes/flags/flag_yellow": {
    "criteria": {
      "has_stick": "2025-09-26 02:02:27 +0000"
    },
    "done": true
  },
  "supplementaries:recipes/flags/flag_light_gray": {
    "criteria": {
      "has_stick": "2025-09-26 02:02:27 +0000"
    },
    "done": true
  },
  "supplementaries:recipes/flags/flag_red": {
    "criteria": {
      "has_stick": "2025-09-26 02:02:27 +0000"
    },
    "done": true
  },
  "farmersdelight:recipes/decorations/cutting_board": {
    "criteria": {
      "has_stick": "2025-09-26 02:02:27 +0000"
    },
    "done": true
  },
  "supplementaries:recipes/flags/flag_lime": {
    "criteria": {
      "has_stick": "2025-09-26 02:02:27 +0000"
    },
    "done": true
  },
  "minecraft:story/iron_tools": {
    "criteria": {
      "iron_pickaxe": "2025-09-26 02:03:08 +0000"
    },
    "done": true
  },
  "bettertools:recipes/tools/iron_paxel": {
    "criteria": {
      "has_iron_pickaxe": "2025-09-26 02:03:08 +0000"
    },
    "done": true
  },
  "iceandfire:recipes/misc/silver_ingot_to_silver_nugget": {
    "criteria": {
      "has_silver_ingot": "2025-09-26 02:04:37 +0000"
    },
    "done": true
  },
  "iceandfire:recipes/building_blocks/silver_ingot_to_silver_block": {
    "criteria": {
      "has_silver_ingot": "2025-09-26 02:04:37 +0000"
    },
    "done": true
  },
  "iceandfire:recipes/tools/silver_ingot_from_blasting_raw_silver": {
    "criteria": {
      "has_the_recipe": "2025-09-26 02:04:37 +0000"
    },
    "done": true
  },
  "mca:recipes/misc/family_tree": {
    "criteria": {
      "has_item": "2025-09-26 02:05:26 +0000"
    },
    "done": true
  },
  "minecraft:story/mine_stone": {
    "criteria": {
      "get_stone": "2025-09-26 02:05:39 +0000"
    },
    "done": true
  },
  "minecraft:recipes/decorations/furnace": {
    "criteria": {
      "has_cobblestone": "2025-09-26 02:05:39 +0000"
    },
    "done": true
  },
  "minecraft:recipes/building_blocks/cobblestone_slab_from_cobblestone_stonecutting": {
    "criteria": {
      "has_cobblestone": "2025-09-26 02:05:39 +0000"
    },
    "done": true
  },
  "minecraft:recipes/building_blocks/stone": {
    "criteria": {
      "has_cobblestone": "2025-09-26 02:05:39 +0000"
    },
    "done": true
  },
  "minecraft:recipes/tools/stone_pickaxe": {
    "criteria": {
      "has_cobblestone": "2025-09-26 02:05:39 +0000"
    },
    "done": true
  },
  "minecraft:recipes/building_blocks/cobblestone_slab": {
    "criteria": {
      "has_cobblestone": "2025-09-26 02:05:39 +0000"
    },
    "done": true
  },
  "mca:recipes/building_blocks/headstones": {
    "criteria": {
      "has_ingredients": "2025-09-26 02:05:39 +0000"
    },
    "done": true
  },
  "minecraft:recipes/decorations/cobblestone_wall_from_cobblestone_stonecutting": {
    "criteria": {
      "has_cobblestone": "2025-09-26 02:05:39 +0000"
    },
    "done": true
  },
  "minecraft:recipes/building_blocks/cobblestone_stairs": {
    "criteria": {
      "has_cobblestone": "2025-09-26 02:05:39 +0000"
    },
    "done": true
  },
  "minecraft:recipes/tools/stone_shovel": {
    "criteria": {
      "has_cobblestone": "2025-09-26 02:05:39 +0000"
    },
    "done": true
  },
  "minecraft:recipes/redstone/lever": {
    "criteria": {
      "has_cobblestone": "2025-09-26 02:05:39 +0000"
    },
    "done": true
  },
  "minecraft:recipes/combat/stone_sword": {
    "criteria": {
      "has_cobblestone": "2025-09-26 02:05:39 +0000"
    },
    "done": true
  },
  "minecraft:recipes/decorations/cobblestone_wall": {
    "criteria": {
      "has_cobblestone": "2025-09-26 02:05:39 +0000"
    },
    "done": true
  },
  "minecraft:recipes/tools/stone_axe": {
    "criteria": {
      "has_cobblestone": "2025-09-26 02:05:39 +0000"
    },
    "done": true
  },
  "supplementaries:recipes/checker": {
    "criteria": {
      "has_cobblestone": "2025-09-26 02:05:39 +0000"
    },
    "done": true
  },
  "minecraft:recipes/building_blocks/cobblestone_stairs_from_cobblestone_stonecutting": {
    "criteria": {
      "has_cobblestone": "2025-09-26 02:05:39 +0000"
    },
    "done": true
  },
  "minecraft:recipes/tools/stone_hoe": {
    "criteria": {
      "has_cobblestone": "2025-09-26 02:05:39 +0000"
    },
    "done": true
  },
  "minecraft:recipes/decorations/smoker": {
    "criteria": {
      "has_furnace": "2025-09-26 02:05:55 +0000"
    },
    "done": true
  },
  "l2complements:recipes/burnt/burnt/cooked_porkchop": {
    "criteria": {
      "has_cooked_porkchop": "2025-09-26 02:06:50 +0000"
    },
    "done": true
  },
  "minecraft:recipes/building_blocks/raw_iron_block": {
    "criteria": {
      "has_raw_iron": "2025-09-26 02:08:22 +0000"
    },
    "done": true
  },
  "minecraft:recipes/misc/iron_ingot_from_blasting_raw_iron": {
    "criteria": {
      "has_raw_iron": "2025-09-26 02:08:22 +0000"
    },
    "done": true
  },
  "minecraft:recipes/misc/iron_ingot_from_smelting_raw_iron": {
    "criteria": {
      "has_raw_iron": "2025-09-26 02:08:22 +0000"
    },
    "done": true
  },
  "supplementaries:recipes/flower_box": {
    "criteria": {
      "has_dirt": "2025-09-26 02:08:56 +0000"
    },
    "done": true
  },
  "farmersdelight:recipes/cooking/stuffed_pumpkin_block": {
    "criteria": {
      "has_pumpkin": "2025-09-26 02:11:27 +0000"
    },
    "done": true
  },
  "minecraft:recipes/food/pumpkin_pie": {
    "criteria": {
      "has_pumpkin": "2025-09-26 02:11:27 +0000"
    },
    "done": true
  },
  "minecraft:recipes/misc/pumpkin_seeds": {
    "criteria": {
      "has_pumpkin": "2025-09-26 02:11:27 +0000"
    },
    "done": true
  },
  "farmersdelight:recipes/cooking/dog_food": {
    "criteria": {
      "has_any_ingredient": "2025-09-26 02:12:42 +0000"
    },
    "done": true
  },
  "farmersdelight:recipes/building_blocks/organic_compost_from_rotten_flesh": {
    "criteria": {
      "has_rotten_flesh": "2025-09-26 02:12:42 +0000"
    },
    "done": true
  },
  "l2complements:recipes/burnt/burnt/rotten_flesh": {
    "criteria": {
      "has_rotten_flesh": "2025-09-26 02:12:42 +0000"
    },
    "done": true
  },
  "minecraft:recipes/decorations/torch": {
    "criteria": {
      "has_the_recipe": "2025-09-26 02:13:22 +0000"
    },
    "done": true
  },
  "supplementaries:recipes/sconce": {
    "criteria": {
      "has_torch": "2025-09-26 02:13:23 +0000"
    },
    "done": true
  },
  "iceandfire:recipes/tools/silver_ingot_from_smelting_raw_silver": {
    "criteria": {
      "has_raw_silver": "2025-09-26 02:16:55 +0000"
    },
    "done": true
  },
  "iceandfire:recipes/building_blocks/raw_silver_to_raw_silver_block": {
    "criteria": {
      "has_raw_silver": "2025-09-26 02:16:55 +0000"
    },
    "done": true
  },
  "minecraft:story/deflect_arrow": {
    "criteria": {
      "deflected_projectile": "2025-09-26 02:18:29 +0000"
    },
    "done": true
  },
  "minecraft:recipes/redstone/dispenser": {
    "criteria": {
      "has_bow": "2025-09-26 02:18:40 +0000"
    },
    "done": true
  },
  "block_factorys_bosses:die_boss": {
    "criteria": {
      "die_boss_0": "2025-09-26 02:20:09 +0000"
    },
    "done": true
  },
  "mmd:omen_ad": {
    "criteria": {
      "omen_ad_0": "2025-09-26 02:24:43 +0000"
    },
    "done": true
  },
  "minecraft:story/upgrade_tools": {
    "criteria": {
      "stone_pickaxe": "2025-09-26 02:28:25 +0000"
    },
    "done": true
  },
  "farmersdelight:recipes/cooking/rabbit_stew": {
    "criteria": {
      "has_any_ingredient": "2025-09-26 02:32:09 +0000"
    },
    "done": true
  },
  "farmersdelight:recipes/cooking/chicken_soup": {
    "criteria": {
      "has_any_ingredient": "2025-09-26 02:32:09 +0000"
    },
    "done": true
  },
  "farmersdelight:recipes/cooking/vegetable_noodles": {
    "criteria": {
      "has_any_ingredient": "2025-09-26 02:32:09 +0000"
    },
    "done": true
  },
  "farmersdelight:recipes/cooking/fried_rice": {
    "criteria": {
      "has_any_ingredient": "2025-09-26 02:32:09 +0000"
    },
    "done": true
  },
  "farmersdelight:recipes/cooking/beef_stew": {
    "criteria": {
      "has_any_ingredient": "2025-09-26 02:32:09 +0000"
    },
    "done": true
  },
  "minecraft:recipes/transportation/carrot_on_a_stick": {
    "criteria": {
      "has_carrot": "2025-09-26 02:32:09 +0000"
    },
    "done": true
  },
  "farmersdelight:recipes/cooking/vegetable_soup": {
    "criteria": {
      "has_any_ingredient": "2025-09-26 02:32:09 +0000"
    },
    "done": true
  },
  "minecraft:recipes/building_blocks/acacia_wood": {
    "criteria": {
      "has_log": "2025-09-26 02:35:06 +0000"
    },
    "done": true
  },
  "minecraft:recipes/building_blocks/acacia_planks": {
    "criteria": {
      "has_log": "2025-09-26 02:35:06 +0000"
    },
    "done": true
  },
  "naturalist:recipes/food/cake": {
    "criteria": {
      "has_the_recipe": "2025-09-26 02:36:03 +0000"
    },
    "done": true
  },
  "farmersdelight:recipes/food/fried_egg_from_campfire_cooking": {
    "criteria": {
      "fried_egg": "2025-09-26 02:36:03 +0000"
    },
    "done": true
  },
  "farmersdelight:recipes/cooking/baked_cod_stew": {
    "criteria": {
      "has_any_ingredient": "2025-09-26 02:36:03 +0000"
    },
    "done": true
  },
  "farmersdelight:recipes/food/fried_egg_from_smoking": {
    "criteria": {
      "fried_egg": "2025-09-26 02:36:03 +0000"
    },
    "done": true
  },
  "minecraft:recipes/food/cake": {
    "criteria": {
      "has_egg": "2025-09-26 02:36:03 +0000"
    },
    "done": true
  },
  "supplementaries:recipes/pancake_fd": {
    "criteria": {
      "forge:eggs": "2025-09-26 02:36:03 +0000"
    },
    "done": true
  },
  "mca:recipes/misc/potions": {
    "criteria": {
      "has_item": "2025-09-26 02:36:03 +0000"
    },
    "done": true
  },
  "farmersdelight:recipes/food/fried_egg": {
    "criteria": {
      "fried_egg": "2025-09-26 02:36:03 +0000"
    },
    "done": true
  },
  "alexsmobs:alexsmobs/emu": {
    "criteria": {
      "killed_by": "2025-09-26 02:36:13 +0000"
    },
    "done": true
  },
  "minecraft:recipes/building_blocks/granite_slab_from_granite_stonecutting": {
    "criteria": {
      "has_granite": "2025-09-26 02:36:42 +0000"
    },
    "done": true
  },
  "minecraft:recipes/decorations/granite_wall_from_granite_stonecutting": {
    "criteria": {
      "has_granite": "2025-09-26 02:36:42 +0000"
    },
    "done": true
  },
  "minecraft:recipes/building_blocks/polished_granite_from_granite_stonecutting": {
    "criteria": {
      "has_granite": "2025-09-26 02:36:42 +0000"
    },
    "done": true
  },
  "minecraft:recipes/building_blocks/granite_slab": {
    "criteria": {
      "has_granite": "2025-09-26 02:36:42 +0000"
    },
    "done": true
  },
  "minecraft:recipes/building_blocks/granite_stairs": {
    "criteria": {
      "has_granite": "2025-09-26 02:36:42 +0000"
    },
    "done": true
  },
  "minecraft:recipes/building_blocks/granite_stairs_from_granite_stonecutting": {
    "criteria": {
      "has_granite": "2025-09-26 02:36:42 +0000"
    },
    "done": true
  },
  "minecraft:recipes/decorations/granite_wall": {
    "criteria": {
      "has_granite": "2025-09-26 02:36:42 +0000"
    },
    "done": true
  },
  "minecraft:recipes/building_blocks/polished_granite_slab_from_granite_stonecutting": {
    "criteria": {
      "has_granite": "2025-09-26 02:36:42 +0000"
    },
    "done": true
  },
  "minecraft:recipes/building_blocks/polished_granite_stairs_from_granite_stonecutting": {
    "criteria": {
      "has_granite": "2025-09-26 02:36:42 +0000"
    },
    "done": true
  },
  "minecraft:recipes/building_blocks/polished_granite": {
    "criteria": {
      "has_granite": "2025-09-26 02:36:42 +0000"
    },
    "done": true
  },
  "minecraft:recipes/food/cooked_chicken_from_campfire_cooking": {
    "criteria": {
      "has_chicken": "2025-09-26 02:37:28 +0000"
    },
    "done": true
  },
  "l2complements:recipes/burnt/burnt/chicken": {
    "criteria": {
      "has_chicken": "2025-09-26 02:37:28 +0000"
    },
    "done": true
  },
  "minecraft:recipes/food/cooked_chicken_from_smoking": {
    "criteria": {
      "has_chicken": "2025-09-26 02:37:28 +0000"
    },
    "done": true
  },
  "minecraft:recipes/food/cooked_chicken": {
    "criteria": {
      "has_chicken": "2025-09-26 02:37:28 +0000"
    },
    "done": true
  },
  "crossbowverhaul:recipes/combat/bolt_gold": {
    "criteria": {
      "has_feather": "2025-09-26 02:37:52 +0000"
    },
    "done": true
  },
  "supplementaries:recipes/feather_block": {
    "criteria": {
      "has_feather": "2025-09-26 02:37:52 +0000"
    },
    "done": true
  },
  "minecraft:recipes/combat/arrow": {
    "criteria": {
      "has_feather": "2025-09-26 02:37:52 +0000"
    },
    "done": true
  },
  "crossbowverhaul:recipes/combat/bolt_diamond": {
    "criteria": {
      "has_feather": "2025-09-26 02:37:52 +0000"
    },
    "done": true
  },
  "farmersdelight:recipes/food/roast_chicken_block": {
    "criteria": {
      "has_cooked_chicken": "2025-09-26 02:41:40 +0000"
    },
    "done": true
  },
  "farmersdelight:recipes/food/chicken_sandwich": {
    "criteria": {
      "has_cooked_chicken": "2025-09-26 02:41:40 +0000"
    },
    "done": true
  },
  "l2complements:recipes/burnt/burnt/cooked_chicken": {
    "criteria": {
      "has_cooked_chicken": "2025-09-26 02:41:40 +0000"
    },
    "done": true
  },
  "farmersdelight:recipes/food/roasted_mutton_chops": {
    "criteria": {
      "has_mutton": "2025-09-26 02:42:52 +0000"
    },
    "done": true
  },
  "farmersdelight:recipes/food/shepherds_pie_block": {
    "criteria": {
      "has_cooked_mutton": "2025-09-26 02:42:52 +0000"
    },
    "done": true
  },
  "l2complements:recipes/burnt/burnt/cooked_mutton": {
    "criteria": {
      "has_cooked_mutton": "2025-09-26 02:42:52 +0000"
    },
    "done": true
  },
  "farmersdelight:recipes/food/mutton_wrap": {
    "criteria": {
      "has_mutton": "2025-09-26 02:42:52 +0000"
    },
    "done": true
  },
  "minecraft:recipes/building_blocks/oak_planks": {
    "criteria": {
      "has_logs": "2025-09-26 02:43:48 +0000"
    },
    "done": true
  },
  "minecraft:recipes/building_blocks/oak_wood": {
    "criteria": {
      "has_log": "2025-09-26 02:43:48 +0000"
    },
    "done": true
  },
  "minecraft:recipes/building_blocks/jack_o_lantern": {
    "criteria": {
      "has_carved_pumpkin": "2025-09-26 02:46:43 +0000"
    },
    "done": true
  },
  "iceandfire:iceandfire/kill_ghost": {
    "criteria": {
      "killed_fire_dragon": "2025-09-26 02:47:52 +0000"
    },
    "done": true
  },
  "minecraft:recipes/misc/white_dye": {
    "criteria": {
      "has_bone_meal": "2025-09-26 02:47:59 +0000"
    },
    "done": true
  },
  "supplementaries:recipes/planter_rich": {
    "criteria": {
      "has_bone_meal": "2025-09-26 02:47:59 +0000"
    },
    "done": true
  },
  "minecraft:recipes/building_blocks/bone_block": {
    "criteria": {
      "has_bone_meal": "2025-09-26 02:47:59 +0000"
    },
    "done": true
  },
  "minecraft:recipes/building_blocks/dripstone_block": {
    "criteria": {
      "has_pointed_dripstone": "2025-09-26 02:49:27 +0000"
    },
    "done": true
  },
  "minecraft:recipes/building_blocks/polished_diorite": {
    "criteria": {
      "has_diorite": "2025-09-26 02:51:03 +0000"
    },
    "done": true
  },
  "minecraft:recipes/building_blocks/polished_diorite_stairs_from_diorite_stonecutting": {
    "criteria": {
      "has_diorite": "2025-09-26 02:51:03 +0000"
    },
    "done": true
  },
  "minecraft:recipes/building_blocks/diorite_stairs_from_diorite_stonecutting": {
    "criteria": {
      "has_diorite": "2025-09-26 02:51:03 +0000"
    },
    "done": true
  },
  "minecraft:recipes/building_blocks/andesite": {
    "criteria": {
      "has_stone": "2025-09-26 02:51:03 +0000"
    },
    "done": true
  },
  "minecraft:recipes/building_blocks/polished_diorite_slab_from_diorite_stonecutting": {
    "criteria": {
      "has_diorite": "2025-09-26 02:51:03 +0000"
    },
    "done": true
  },
  "minecraft:recipes/building_blocks/diorite_slab": {
    "criteria": {
      "has_diorite": "2025-09-26 02:51:03 +0000"
    },
    "done": true
  },
  "minecraft:recipes/decorations/diorite_wall": {
    "criteria": {
      "has_diorite": "2025-09-26 02:51:03 +0000"
    },
    "done": true
  },
  "minecraft:recipes/decorations/diorite_wall_from_diorite_stonecutting": {
    "criteria": {
      "has_diorite": "2025-09-26 02:51:03 +0000"
    },
    "done": true
  },
  "minecraft:recipes/building_blocks/polished_diorite_from_diorite_stonecutting": {
    "criteria": {
      "has_diorite": "2025-09-26 02:51:03 +0000"
    },
    "done": true
  },
  "minecraft:recipes/building_blocks/diorite_slab_from_diorite_stonecutting": {
    "criteria": {
      "has_diorite": "2025-09-26 02:51:03 +0000"
    },
    "done": true
  },
  "minecraft:recipes/building_blocks/diorite_stairs": {
    "criteria": {
      "has_diorite": "2025-09-26 02:51:03 +0000"
    },
    "done": true
  },
  "minecraft:recipes/building_blocks/andesite_stairs": {
    "criteria": {
      "has_andesite": "2025-09-26 02:51:37 +0000"
    },
    "done": true
  },
  "minecraft:recipes/building_blocks/polished_andesite_from_andesite_stonecutting": {
    "criteria": {
      "has_andesite": "2025-09-26 02:51:37 +0000"
    },
    "done": true
  },
  "minecraft:recipes/building_blocks/polished_andesite_stairs_from_andesite_stonecutting": {
    "criteria": {
      "has_andesite": "2025-09-26 02:51:37 +0000"
    },
    "done": true
  },
  "minecraft:recipes/decorations/andesite_wall_from_andesite_stonecutting": {
    "criteria": {
      "has_andesite": "2025-09-26 02:51:37 +0000"
    },
    "done": true
  },
  "minecraft:recipes/building_blocks/polished_andesite_slab_from_andesite_stonecutting": {
    "criteria": {
      "has_andesite": "2025-09-26 02:51:37 +0000"
    },
    "done": true
  },
  "minecraft:recipes/building_blocks/andesite_slab_from_andesite_stonecutting": {
    "criteria": {
      "has_andesite": "2025-09-26 02:51:37 +0000"
    },
    "done": true
  },
  "minecraft:recipes/building_blocks/andesite_stairs_from_andesite_stonecutting": {
    "criteria": {
      "has_andesite": "2025-09-26 02:51:37 +0000"
    },
    "done": true
  },
  "minecraft:recipes/building_blocks/polished_andesite": {
    "criteria": {
      "has_andesite": "2025-09-26 02:51:37 +0000"
    },
    "done": true
  },
  "minecraft:recipes/decorations/andesite_wall": {
    "criteria": {
      "has_andesite": "2025-09-26 02:51:37 +0000"
    },
    "done": true
  },
  "minecraft:recipes/building_blocks/andesite_slab": {
    "criteria": {
      "has_andesite": "2025-09-26 02:51:37 +0000"
    },
    "done": true
  },
  "minecraft:recipes/decorations/oak_sign": {
    "criteria": {
      "has_planks": "2025-09-26 02:54:16 +0000"
    },
    "done": true
  },
  "minecraft:recipes/building_blocks/oak_slab": {
    "criteria": {
      "has_planks": "2025-09-26 02:54:16 +0000"
    },
    "done": true
  },
  "mca:recipes/decorations/cyan_oak_crib": {
    "criteria": {
      "has_oak_planks": "2025-09-26 02:54:16 +0000"
    },
    "done": true
  },
  "minecraft:recipes/redstone/oak_fence_gate": {
    "criteria": {
      "has_planks": "2025-09-26 02:54:16 +0000"
    },
    "done": true
  },
  "mca:recipes/decorations/white_oak_crib": {
    "criteria": {
      "has_oak_planks": "2025-09-26 02:54:16 +0000"
    },
    "done": true
  },
  "minecraft:recipes/redstone/oak_door": {
    "criteria": {
      "has_planks": "2025-09-26 02:54:16 +0000"
    },
    "done": true
  },
  "mca:recipes/decorations/green_oak_crib": {
    "criteria": {
      "has_oak_planks": "2025-09-26 02:54:16 +0000"
    },
    "done": true
  },
  "mca:recipes/decorations/light_gray_oak_crib": {
    "criteria": {
      "has_oak_planks": "2025-09-26 02:54:16 +0000"
    },
    "done": true
  },
  "minecraft:recipes/redstone/oak_trapdoor": {
    "criteria": {
      "has_planks": "2025-09-26 02:54:16 +0000"
    },
    "done": true
  },
  "mca:recipes/decorations/blue_oak_crib": {
    "criteria": {
      "has_oak_planks": "2025-09-26 02:54:16 +0000"
    },
    "done": true
  },
  "mca:recipes/decorations/purple_oak_crib": {
    "criteria": {
      "has_oak_planks": "2025-09-26 02:54:16 +0000"
    },
    "done": true
  },
  "mca:recipes/decorations/red_oak_crib": {
    "criteria": {
      "has_oak_planks": "2025-09-26 02:54:16 +0000"
    },
    "done": true
  },
  "minecraft:recipes/building_blocks/oak_stairs": {
    "criteria": {
      "has_planks": "2025-09-26 02:54:16 +0000"
    },
    "done": true
  },
  "minecraft:recipes/decorations/oak_fence": {
    "criteria": {
      "has_planks": "2025-09-26 02:54:16 +0000"
    },
    "done": true
  },
  "mca:recipes/decorations/magenta_oak_crib": {
    "criteria": {
      "has_oak_planks": "2025-09-26 02:54:16 +0000"
    },
    "done": true
  },
  "minecraft:recipes/redstone/oak_button": {
    "criteria": {
      "has_planks": "2025-09-26 02:54:16 +0000"
    },
    "done": true
  },
  "mca:recipes/decorations/lime_oak_crib": {
    "criteria": {
      "has_oak_planks": "2025-09-26 02:54:16 +0000"
    },
    "done": true
  },
  "minecraft:recipes/redstone/oak_pressure_plate": {
    "criteria": {
      "has_planks": "2025-09-26 02:54:16 +0000"
    },
    "done": true
  },
  "mca:recipes/decorations/black_oak_crib": {
    "criteria": {
      "has_oak_planks": "2025-09-26 02:54:16 +0000"
    },
    "done": true
  },
  "mca:recipes/decorations/pink_oak_crib": {
    "criteria": {
      "has_oak_planks": "2025-09-26 02:54:16 +0000"
    },
    "done": true
  },
  "mca:recipes/decorations/orange_oak_crib": {
    "criteria": {
      "has_oak_planks": "2025-09-26 02:54:16 +0000"
    },
    "done": true
  },
  "mca:recipes/decorations/brown_oak_crib": {
    "criteria": {
      "has_oak_planks": "2025-09-26 02:54:16 +0000"
    },
    "done": true
  },
  "mca:recipes/decorations/yellow_oak_crib": {
    "criteria": {
      "has_oak_planks": "2025-09-26 02:54:16 +0000"
    },
    "done": true
  },
  "mca:recipes/decorations/light_blue_oak_crib": {
    "criteria": {
      "has_oak_planks": "2025-09-26 02:54:16 +0000"
    },
    "done": true
  },
  "mca:recipes/decorations/gray_oak_crib": {
    "criteria": {
      "has_oak_planks": "2025-09-26 02:54:16 +0000"
    },
    "done": true
  },
  "minecraft:recipes/brewing/cauldron": {
    "criteria": {
      "has_water_bucket": "2025-09-26 02:57:54 +0000"
    },
    "done": true
  },
  "naturalist:recipes/food/cooked_bass": {
    "criteria": {
      "has_bass": "2025-09-26 02:58:11 +0000"
    },
    "done": true
  },
  "farmersdelight:recipes/cooking/glow_berry_custard": {
    "criteria": {
      "has_any_ingredient": "2025-09-26 03:01:06 +0000"
    },
    "done": true
  },
  "farmersdelight:recipes/cooking/hot_cocoa": {
    "criteria": {
      "has_any_ingredient": "2025-09-26 03:01:06 +0000"
    },
    "done": true
  },
  "farmersdelight:recipes/food/milk_bottle": {
    "criteria": {
      "has_milk_bucket": "2025-09-26 03:01:06 +0000"
    },
    "done": true
  },
  "bloomingnature:recipes/blue_dye_from_bluebell": {
    "criteria": {
      "has_bluebell": "2025-09-26 03:03:07 +0000"
    },
    "done": true
  },
  "mca:recipes/misc/bouquet": {
    "criteria": {
      "has_item": "2025-09-26 03:03:07 +0000"
    },
    "done": true
  },
  "minecraft:recipes/building_blocks/stone_bricks": {
    "criteria": {
      "has_stone": "2025-09-26 03:03:18 +0000"
    },
    "done": true
  },
  "minecraft:recipes/building_blocks/stone_bricks_from_stone_stonecutting": {
    "criteria": {
      "has_stone": "2025-09-26 03:03:18 +0000"
    },
    "done": true
  },
  "minecraft:recipes/building_blocks/stone_slab": {
    "criteria": {
      "has_stone": "2025-09-26 03:03:18 +0000"
    },
    "done": true
  },
  "minecraft:recipes/building_blocks/stone_stairs_from_stone_stonecutting": {
    "criteria": {
      "has_stone": "2025-09-26 03:03:18 +0000"
    },
    "done": true
  },
  "minecraft:recipes/redstone/stone_button": {
    "criteria": {
      "has_stone": "2025-09-26 03:03:18 +0000"
    },
    "done": true
  },
  "minecraft:recipes/redstone/stone_pressure_plate": {
    "criteria": {
      "has_stone": "2025-09-26 03:03:18 +0000"
    },
    "done": true
  },
  "supplementaries:recipes/stone_lamp": {
    "criteria": {
      "has_stone": "2025-09-26 03:03:18 +0000"
    },
    "done": true
  },
  "minecraft:recipes/building_blocks/stone_stairs": {
    "criteria": {
      "has_stone": "2025-09-26 03:03:18 +0000"
    },
    "done": true
  },
  "minecraft:recipes/decorations/stonecutter": {
    "criteria": {
      "has_stone": "2025-09-26 03:03:18 +0000"
    },
    "done": true
  },
  "minecraft:recipes/building_blocks/smooth_stone": {
    "criteria": {
      "has_stone": "2025-09-26 03:03:18 +0000"
    },
    "done": true
  },
  "minecraft:recipes/decorations/stone_brick_walls_from_stone_stonecutting": {
    "criteria": {
      "has_stone": "2025-09-26 03:03:18 +0000"
    },
    "done": true
  },
  "minecraft:recipes/building_blocks/stone_brick_slab_from_stone_stonecutting": {
    "criteria": {
      "has_stone": "2025-09-26 03:03:18 +0000"
    },
    "done": true
  },
  "minecraft:recipes/building_blocks/stone_brick_stairs_from_stone_stonecutting": {
    "criteria": {
      "has_stone": "2025-09-26 03:03:18 +0000"
    },
    "done": true
  },
  "minecraft:recipes/building_blocks/stone_slab_from_stone_stonecutting": {
    "criteria": {
      "has_stone": "2025-09-26 03:03:18 +0000"
    },
    "done": true
  },
  "minecraft:recipes/building_blocks/chiseled_stone_bricks_stone_from_stonecutting": {
    "criteria": {
      "has_stone": "2025-09-26 03:03:18 +0000"
    },
    "done": true
  },
  "minecraft:adventure/voluntary_exile": {
    "criteria": {
      "voluntary_exile": "2025-09-26 03:05:18 +0000"
    },
    "done": true
  },
  "minecraft:recipes/redstone/lightning_rod": {
    "criteria": {
      "has_copper_ingot": "2025-09-26 03:13:42 +0000"
    },
    "done": true
  },
  "supplementaries:recipes/cog_block": {
    "criteria": {
      "has_copper_ingot": "2025-09-26 03:13:42 +0000"
    },
    "done": true
  },
  "supplementaries:recipes/wrench": {
    "criteria": {
      "has_copper_ingot": "2025-09-26 03:13:42 +0000"
    },
    "done": true
  },
  "minecraft:recipes/building_blocks/copper_block": {
    "criteria": {
      "has_copper_ingot": "2025-09-26 03:13:42 +0000"
    },
    "done": true
  },
  "minecraft:recipes/tools/brush": {
    "criteria": {
      "has_copper_ingot": "2025-09-26 03:13:42 +0000"
    },
    "done": true
  },
  "supplementaries:recipes/altimeter": {
    "criteria": {
      "has_copper_ingot": "2025-09-26 03:13:42 +0000"
    },
    "done": true
  },
  "iceandfire:recipes/misc/copper_ingot_to_nuggets": {
    "criteria": {
      "has_item": "2025-09-26 03:13:42 +0000"
    },
    "done": true
  },
  "minecraft:recipes/misc/copper_ingot_from_smelting_raw_copper": {
    "criteria": {
      "has_the_recipe": "2025-09-26 03:13:42 +0000"
    },
    "done": true
  },
  "minecraft:story/lava_bucket": {
    "criteria": {
      "lava_bucket": "2025-09-26 03:13:58 +0000"
    },
    "done": true
  },
  "bloomingnature:recipes/yellow_dye_from_genisteae": {
    "criteria": {
      "has_genisteae": "2025-09-26 03:14:44 +0000"
    },
    "done": true
  },
  "minecraft:recipes/combat/leather_helmet": {
    "criteria": {
      "has_leather": "2025-09-26 03:22:02 +0000"
    },
    "done": true
  },
  "minecraft:recipes/combat/leather_chestplate": {
    "criteria": {
      "has_leather": "2025-09-26 03:22:02 +0000"
    },
    "done": true
  },
  "minecraft:recipes/misc/leather_horse_armor": {
    "criteria": {
      "has_leather": "2025-09-26 03:22:02 +0000"
    },
    "done": true
  },
  "sophisticatedbackpacks:recipes/misc/backpack": {
    "criteria": {
      "has_leather": "2025-09-26 03:22:02 +0000"
    },
    "done": true
  },
  "minecraft:recipes/food/cooked_beef_from_smoking": {
    "criteria": {
      "has_beef": "2025-09-26 03:22:02 +0000"
    },
    "done": true
  },
  "minecraft:recipes/decorations/item_frame": {
    "criteria": {
      "has_leather": "2025-09-26 03:22:02 +0000"
    },
    "done": true
  },
  "farmersdelight:recipes/cooking/pasta_with_meatballs": {
    "criteria": {
      "has_any_ingredient": "2025-09-26 03:22:02 +0000"
    },
    "done": true
  },
  "l2complements:recipes/burnt/burnt/beef": {
    "criteria": {
      "has_beef": "2025-09-26 03:22:02 +0000"
    },
    "done": true
  },
  "l2complements:recipes/enchantments/enchantments/snow_walker": {
    "criteria": {
      "has_leather": "2025-09-26 03:22:02 +0000"
    },
    "done": true
  },
  "minecraft:recipes/combat/leather_boots": {
    "criteria": {
      "has_leather": "2025-09-26 03:22:02 +0000"
    },
    "done": true
  },
  "minecraft:recipes/food/cooked_beef": {
    "criteria": {
      "has_beef": "2025-09-26 03:22:02 +0000"
    },
    "done": true
  },
  "minecraft:recipes/combat/leather_leggings": {
    "criteria": {
      "has_leather": "2025-09-26 03:22:02 +0000"
    },
    "done": true
  },
  "iceandfire:recipes/misc/blindfold": {
    "criteria": {
      "has_item": "2025-09-26 03:22:02 +0000"
    },
    "done": true
  },
  "supplementaries:recipes/bellows": {
    "criteria": {
      "has_leather": "2025-09-26 03:22:02 +0000"
    },
    "done": true
  },
  "sophisticatedbackpacks:recipes/misc/upgrade_base": {
    "criteria": {
      "has_leather": "2025-09-26 03:22:02 +0000"
    },
    "done": true
  },
  "minecraft:recipes/food/cooked_beef_from_campfire_cooking": {
    "criteria": {
      "has_beef": "2025-09-26 03:22:02 +0000"
    },
    "done": true
  },
  "l2complements:recipes/burnt/burnt/cooked_beef": {
    "criteria": {
      "has_cooked_beef": "2025-09-26 03:24:12 +0000"
    },
    "done": true
  },
  "minecraft:recipes/redstone/acacia_button": {
    "criteria": {
      "has_planks": "2025-09-26 03:28:50 +0000"
    },
    "done": true
  },
  "supplementaries:recipes/decorations/sign_post_acacia": {
    "criteria": {
      "has_item": "2025-09-26 03:28:50 +0000"
    },
    "done": true
  },
  "mca:recipes/decorations/blue_acacia_crib": {
    "criteria": {
      "has_acacia_planks": "2025-09-26 03:28:50 +0000"
    },
    "done": true
  },
  "mca:recipes/decorations/black_acacia_crib": {
    "criteria": {
      "has_acacia_planks": "2025-09-26 03:28:50 +0000"
    },
    "done": true
  },
  "minecraft:recipes/building_blocks/acacia_stairs": {
    "criteria": {
      "has_planks": "2025-09-26 03:28:50 +0000"
    },
    "done": true
  },
  "minecraft:recipes/redstone/acacia_door": {
    "criteria": {
      "has_planks": "2025-09-26 03:28:50 +0000"
    },
    "done": true
  },
  "mca:recipes/decorations/light_gray_acacia_crib": {
    "criteria": {
      "has_acacia_planks": "2025-09-26 03:28:50 +0000"
    },
    "done": true
  },
  "mca:recipes/decorations/orange_acacia_crib": {
    "criteria": {
      "has_acacia_planks": "2025-09-26 03:28:50 +0000"
    },
    "done": true
  },
  "minecraft:recipes/decorations/acacia_sign": {
    "criteria": {
      "has_planks": "2025-09-26 03:28:50 +0000"
    },
    "done": true
  },
  "mca:recipes/decorations/light_blue_acacia_crib": {
    "criteria": {
      "has_acacia_planks": "2025-09-26 03:28:50 +0000"
    },
    "done": true
  },
  "mca:recipes/decorations/green_acacia_crib": {
    "criteria": {
      "has_acacia_planks": "2025-09-26 03:28:50 +0000"
    },
    "done": true
  },
  "minecraft:recipes/redstone/acacia_pressure_plate": {
    "criteria": {
      "has_planks": "2025-09-26 03:28:50 +0000"
    },
    "done": true
  },
  "mca:recipes/decorations/brown_acacia_crib": {
    "criteria": {
      "has_acacia_planks": "2025-09-26 03:28:50 +0000"
    },
    "done": true
  },
  "minecraft:recipes/building_blocks/acacia_slab": {
    "criteria": {
      "has_planks": "2025-09-26 03:28:50 +0000"
    },
    "done": true
  },
  "mca:recipes/decorations/cyan_acacia_crib": {
    "criteria": {
      "has_acacia_planks": "2025-09-26 03:28:50 +0000"
    },
    "done": true
  },
  "minecraft:recipes/redstone/acacia_trapdoor": {
    "criteria": {
      "has_planks": "2025-09-26 03:28:50 +0000"
    },
    "done": true
  },
  "mca:recipes/decorations/lime_acacia_crib": {
    "criteria": {
      "has_acacia_planks": "2025-09-26 03:28:50 +0000"
    },
    "done": true
  },
  "minecraft:recipes/redstone/acacia_fence_gate": {
    "criteria": {
      "has_planks": "2025-09-26 03:28:50 +0000"
    },
    "done": true
  },
  "mca:recipes/decorations/magenta_acacia_crib": {
    "criteria": {
      "has_acacia_planks": "2025-09-26 03:28:50 +0000"
    },
    "done": true
  },
  "supplementaries:recipes/sign_post_acacia": {
    "criteria": {
      "has_the_recipe": "2025-09-26 03:28:50 +0000"
    },
    "done": true
  },
  "mca:recipes/decorations/gray_acacia_crib": {
    "criteria": {
      "has_acacia_planks": "2025-09-26 03:28:50 +0000"
    },
    "done": true
  },
  "minecraft:recipes/decorations/acacia_fence": {
    "criteria": {
      "has_planks": "2025-09-26 03:28:50 +0000"
    },
    "done": true
  },
  "mca:recipes/decorations/white_acacia_crib": {
    "criteria": {
      "has_acacia_planks": "2025-09-26 03:28:50 +0000"
    },
    "done": true
  },
  "mca:recipes/decorations/yellow_acacia_crib": {
    "criteria": {
      "has_acacia_planks": "2025-09-26 03:28:50 +0000"
    },
    "done": true
  },
  "mca:recipes/decorations/pink_acacia_crib": {
    "criteria": {
      "has_acacia_planks": "2025-09-26 03:28:50 +0000"
    },
    "done": true
  },
  "mca:recipes/decorations/purple_acacia_crib": {
    "criteria": {
      "has_acacia_planks": "2025-09-26 03:28:50 +0000"
    },
    "done": true
  },
  "mca:recipes/decorations/red_acacia_crib": {
    "criteria": {
      "has_acacia_planks": "2025-09-26 03:28:50 +0000"
    },
    "done": true
  },
  "minecraft:recipes/misc/flower_banner_pattern": {
    "criteria": {
      "has_oxeye_daisy": "2025-09-26 03:29:33 +0000"
    },
    "done": true
  },
  "minecraft:recipes/misc/light_gray_dye_from_oxeye_daisy": {
    "criteria": {
      "has_oxeye_daisy": "2025-09-26 03:29:33 +0000"
    },
    "done": true
  },
  "minecraft:recipes/misc/red_dye_from_poppy": {
    "criteria": {
      "has_poppy": "2025-09-26 03:31:01 +0000"
    },
    "done": true
  },
  "minecraft:recipes/misc/blue_dye_from_cornflower": {
    "criteria": {
      "has_cornflower": "2025-09-26 03:31:28 +0000"
    },
    "done": true
  },
  "farmersdelight:recipes/cooking/apple_cider": {
    "criteria": {
      "has_apple": "2025-10-03 00:17:58 +0000"
    },
    "done": true
  },
  "minecraft:recipes/misc/firework_rocket_simple": {
    "criteria": {
      "has_gunpowder": "2025-10-03 00:21:23 +0000"
    },
    "done": true
  },
  "minecraft:recipes/redstone/tnt": {
    "criteria": {
      "has_gunpowder": "2025-10-03 00:21:23 +0000"
    },
    "done": true
  },
  "born_in_chaos_v1:dark_metallurgy": {
    "criteria": {
      "dark_metallurgy_0": "2025-10-03 00:21:44 +0000"
    },
    "done": true
  },
  "minecraft:recipes/redstone/tripwire_hook": {
    "criteria": {
      "has_string": "2025-10-03 00:23:05 +0000"
    },
    "done": true
  },
  "minecraft:recipes/decorations/candle": {
    "criteria": {
      "has_string": "2025-10-03 00:23:05 +0000"
    },
    "done": true
  },
  "supplementaries:recipes/sack": {
    "criteria": {
      "has_string": "2025-10-03 00:23:05 +0000"
    },
    "done": true
  },
  "minecraft:recipes/combat/bow": {
    "criteria": {
      "has_string": "2025-10-03 00:23:05 +0000"
    },
    "done": true
  },
  "minecraft:recipes/tools/fishing_rod": {
    "criteria": {
      "has_string": "2025-10-03 00:23:05 +0000"
    },
    "done": true
  },
  "minecraft:recipes/building_blocks/white_wool_from_string": {
    "criteria": {
      "has_string": "2025-10-03 00:23:05 +0000"
    },
    "done": true
  },
  "minecraft:recipes/decorations/loom": {
    "criteria": {
      "has_string": "2025-10-03 00:23:05 +0000"
    },
    "done": true
  },
  "iammusicplayer:recipes/misc/boombox": {
    "criteria": {
      "has_jukebox": "2025-10-03 00:23:27 +0000"
    },
    "done": true
  },
  "iammusicplayer:recipes/misc/cassette_deck": {
    "criteria": {
      "has_jukebox": "2025-10-03 00:23:27 +0000"
    },
    "done": true
  },
  "minecraft:recipes/food/bread": {
    "criteria": {
      "has_wheat": "2025-10-03 00:23:35 +0000"
    },
    "done": true
  },
  "minecraft:recipes/building_blocks/hay_block": {
    "criteria": {
      "has_wheat": "2025-10-03 00:23:35 +0000"
    },
    "done": true
  },
  "farmersdelight:recipes/food/pie_crust": {
    "criteria": {
      "has_wheat": "2025-10-03 00:23:35 +0000"
    },
    "done": true
  },
  "farmersdelight:recipes/food/wheat_dough_from_egg": {
    "criteria": {
      "has_wheat": "2025-10-03 00:23:35 +0000"
    },
    "done": true
  },
  "supplementaries:recipes/daub": {
    "criteria": {
      "supplementaries:straw": "2025-10-03 00:23:35 +0000"
    },
    "done": true
  },
  "artifacts:amateur_archaeologist": {
    "criteria": {
      "find_artifact": "2025-10-03 00:25:34 +0000"
    },
    "done": true
  },
  "minecraft:recipes/misc/gold_nugget_from_blasting": {
    "criteria": {
      "has_golden_chestplate": "2025-10-03 00:34:55 +0000"
    },
    "done": true
  },
  "minecraft:recipes/misc/gold_nugget_from_smelting": {
    "criteria": {
      "has_golden_chestplate": "2025-10-03 00:34:55 +0000"
    },
    "done": true
  },
  "iceandfire:recipes/combat/gold_hippogryph_armor": {
    "criteria": {
      "has_item": "2025-10-03 00:34:59 +0000"
    },
    "done": true
  },
  "minecraft:recipes/brewing/golden_carrot": {
    "criteria": {
      "has_gold_nugget": "2025-10-03 00:35:01 +0000"
    },
    "done": true
  },
  "iceandfire:recipes/food/gold_pile": {
    "criteria": {
      "has_item": "2025-10-03 00:35:01 +0000"
    },
    "done": true
  },
  "minecraft:recipes/misc/iron_ingot_from_nuggets": {
    "criteria": {
      "has_iron_nugget": "2025-10-03 00:35:01 +0000"
    },
    "done": true
  },
  "minecraft:recipes/misc/gold_ingot_from_nuggets": {
    "criteria": {
      "has_gold_nugget": "2025-10-03 00:35:01 +0000"
    },
    "done": true
  },
  "supplementaries:recipes/key": {
    "criteria": {
      "has_gold_nugget": "2025-10-03 00:35:01 +0000"
    },
    "done": true
  },
  "supplementaries:recipes/sconce_soul": {
    "criteria": {
      "has_iron_nugget": "2025-10-03 00:35:01 +0000"
    },
    "done": true
  },
  "farmersdelight:main/get_fd_seed": {
    "criteria": {
      "tomato_seeds": "2025-10-03 00:35:57 +0000"
    },
    "done": true
  },
  "irons_spellbooks:irons_spellbooks/spell_book_rotten": {
    "criteria": {
      "requirement": "2025-10-03 00:36:00 +0000"
    },
    "done": true
  },
  "mmd:more_music_disc": {
    "criteria": {
      "more_music_disc_0": "2025-10-03 00:37:56 +0000"
    },
    "done": true
  },
  "minecraft:recipes/redstone/target": {
    "criteria": {
      "has_hay_block": "2025-10-03 00:39:41 +0000"
    },
    "done": true
  },
  "supplementaries:recipes/fodder": {
    "criteria": {
      "has_hay_block": "2025-10-03 00:39:41 +0000"
    },
    "done": true
  },
  "minecraft:recipes/misc/wheat": {
    "criteria": {
      "has_hay_block": "2025-10-03 00:39:41 +0000"
    },
    "done": true
  },
  "dungeons_arise:find_wishing_well": {
    "criteria": {
      "location0": "2025-10-03 00:44:09 +0000"
    },
    "done": true
  },
  "minecraft:adventure/shoot_arrow": {
    "criteria": {
      "shot_arrow": "2025-10-03 00:46:09 +0000"
    },
    "done": true
  },
  "iceandfire:recipes/building_blocks/dragonforge_ice_brick": {
    "criteria": {
      "has_item": "2025-10-03 00:46:32 +0000"
    },
    "done": true
  },
  "minecraft:recipes/building_blocks/stone_brick_stairs": {
    "criteria": {
      "has_stone_bricks": "2025-10-03 00:46:32 +0000"
    },
    "done": true
  },
  "iceandfire:recipes/building_blocks/dragonforge_fire_brick": {
    "criteria": {
      "has_item": "2025-10-03 00:46:32 +0000"
    },
    "done": true
  },
  "supplementaries:recipes/pedestal": {
    "criteria": {
      "has_stone_bricks": "2025-10-03 00:46:32 +0000"
    },
    "done": true
  },
  "minecraft:recipes/building_blocks/stone_brick_slab": {
    "criteria": {
      "has_stone_bricks": "2025-10-03 00:46:32 +0000"
    },
    "done": true
  },
  "minecraft:recipes/building_blocks/chiseled_stone_bricks_from_stone_bricks_stonecutting": {
    "criteria": {
      "has_stone_bricks": "2025-10-03 00:46:32 +0000"
    },
    "done": true
  },
  "supplementaries:recipes/stone_tile": {
    "criteria": {
      "has_stone_bricks": "2025-10-03 00:46:32 +0000"
    },
    "done": true
  },
  "minecraft:recipes/decorations/stone_brick_wall": {
    "criteria": {
      "has_stone_bricks": "2025-10-03 00:46:32 +0000"
    },
    "done": true
  },
  "minecraft:recipes/building_blocks/cracked_stone_bricks": {
    "criteria": {
      "has_stone_bricks": "2025-10-03 00:46:32 +0000"
    },
    "done": true
  },
  "minecraft:recipes/building_blocks/stone_brick_stairs_from_stone_bricks_stonecutting": {
    "criteria": {
      "has_stone_bricks": "2025-10-03 00:46:32 +0000"
    },
    "done": true
  },
  "iceandfire:recipes/building_blocks/dragonforge_lightning_brick": {
    "criteria": {
      "has_item": "2025-10-03 00:46:32 +0000"
    },
    "done": true
  },
  "minecraft:recipes/building_blocks/chiseled_stone_bricks": {
    "criteria": {
      "has_tag": "2025-10-03 00:46:32 +0000"
    },
    "done": true
  },
  "minecraft:recipes/decorations/stone_brick_wall_from_stone_bricks_stonecutting": {
    "criteria": {
      "has_stone_bricks": "2025-10-03 00:46:32 +0000"
    },
    "done": true
  },
  "minecraft:recipes/building_blocks/stone_brick_slab_from_stone_bricks_stonecutting": {
    "criteria": {
      "has_stone_bricks": "2025-10-03 00:46:32 +0000"
    },
    "done": true
  },
  "supplementaries:recipes/stonecutting/stone_tile": {
    "criteria": {
      "has_stone_bricks": "2025-10-03 00:46:32 +0000"
    },
    "done": true
  },
  "irons_spellbooks:irons_spellbooks/spell_book_equip": {
    "criteria": {
      "requirement": "2025-10-15 16:11:56 +0000"
    },
    "done": true
  },
  "sophisticatedbackpacks:recipes/misc/copper_backpack": {
    "criteria": {
      "has_backpack": "2025-10-15 16:17:51 +0000"
    },
    "done": true
  },
  "sophisticatedbackpacks:recipes/misc/iron_backpack": {
    "criteria": {
      "has_backpack": "2025-10-15 16:17:51 +0000"
    },
    "done": true
  },
  "minecraft:recipes/food/baked_potato_from_campfire_cooking": {
    "criteria": {
      "has_potato": "2025-10-15 16:21:45 +0000"
    },
    "done": true
  },
  "minecraft:recipes/food/baked_potato": {
    "criteria": {
      "has_potato": "2025-10-15 16:21:45 +0000"
    },
    "done": true
  },
  "minecraft:recipes/food/baked_potato_from_smoking": {
    "criteria": {
      "has_potato": "2025-10-15 16:21:45 +0000"
    },
    "done": true
  },
  "irons_spellbooks:irons_spellbooks/spell_book_diamond": {
    "criteria": {
      "requirement": "2025-10-15 16:21:58 +0000"
    },
    "done": true
  },
  "minecraft:recipes/building_blocks/emerald_block": {
    "criteria": {
      "has_emerald": "2025-10-15 16:25:43 +0000"
    },
    "done": true
  },
  "l2complements:recipes/burnt/burnt/emerald": {
    "criteria": {
      "has_emerald": "2025-10-15 16:25:43 +0000"
    },
    "done": true
  },
  "paraglider:pray_to_the_goddess": {
    "criteria": {
      "bargain": "2025-10-15 16:32:37 +0000"
    },
    "done": true
  },
  "minecraft:story/shiny_gear": {
    "criteria": {
      "diamond_helmet": "2025-10-15 16:32:55 +0000"
    },
    "done": true
  },
  "minecraft:recipes/building_blocks/lapis_block": {
    "criteria": {
      "has_lapis_lazuli": "2025-10-15 16:33:05 +0000"
    },
    "done": true
  },
  "minecraft:recipes/misc/blue_dye": {
    "criteria": {
      "has_lapis_lazuli": "2025-10-15 16:33:05 +0000"
    },
    "done": true
  },
  "supplementaries:recipes/lapis_bricks": {
    "criteria": {
      "has_lapis_lazuli": "2025-10-15 16:33:05 +0000"
    },
    "done": true
  },
  "minecraft:nether/explore_nether": {
    "criteria": {
      "minecraft:crimson_forest": "2025-10-15 16:35:31 +0000",
      "minecraft:nether_wastes": "2025-10-15 17:03:32 +0000"
    },
    "done": false
  },
  "minecraft:story/enter_the_nether": {
    "criteria": {
      "entered_nether": "2025-10-15 16:35:31 +0000"
    },
    "done": true
  },
  "minecraft:nether/root": {
    "criteria": {
      "entered_nether": "2025-10-15 16:35:31 +0000"
    },
    "done": true
  },
  "minecraft:story/enchant_item": {
    "criteria": {
      "enchanted_item": "2025-10-15 16:38:00 +0000"
    },
    "done": true
  },
  "naturalist:recipes/naturalist/glow_goop": {
    "criteria": {
      "has_glow_berries": "2025-10-15 16:40:12 +0000"
    },
    "done": true
  },
  "iceandfire:recipes/combat/dragonbone_sword_fire": {
    "criteria": {
      "has_item": "2025-10-15 16:40:16 +0000"
    },
    "done": true
  },
  "farmersdelight:recipes/decorations/oak_cabinet": {
    "criteria": {
      "has_oak_trapdoor": "2025-10-15 16:49:30 +0000"
    },
    "done": true
  },
  "minecraft:recipes/misc/yellow_dye_from_dandelion": {
    "criteria": {
      "has_dandelion": "2025-10-15 16:53:56 +0000"
    },
    "done": true
  },
  "iammusicplayer:iammusicplayer/listen_to_radio": {
    "criteria": {
      "listen_to_radio": "2025-10-15 16:58:40 +0000"
    },
    "done": true
  },
  "iammusicplayer:iammusicplayer/listen_to_music": {
    "criteria": {
      "listen_to_music": "2025-10-15 16:58:40 +0000"
    },
    "done": true
  },
  "iammusicplayer:iammusicplayer/root": {
    "criteria": {
      "iammusicplayer": "2025-10-15 16:58:40 +0000"
    },
    "done": true
  },
  "minecraft:recipes/building_blocks/red_concrete_powder": {
    "criteria": {
      "has_sand": "2025-10-15 17:02:47 +0000"
    },
    "done": true
  },
  "minecraft:recipes/building_blocks/green_concrete_powder": {
    "criteria": {
      "has_sand": "2025-10-15 17:02:47 +0000"
    },
    "done": true
  },
  "minecraft:recipes/building_blocks/blue_concrete_powder": {
    "criteria": {
      "has_sand": "2025-10-15 17:02:47 +0000"
    },
    "done": true
  },
  "minecraft:recipes/building_blocks/lime_concrete_powder": {
    "criteria": {
      "has_sand": "2025-10-15 17:02:47 +0000"
    },
    "done": true
  },
  "minecraft:recipes/building_blocks/orange_concrete_powder": {
    "criteria": {
      "has_sand": "2025-10-15 17:02:47 +0000"
    },
    "done": true
  },
  "minecraft:recipes/building_blocks/magenta_concrete_powder": {
    "criteria": {
      "has_sand": "2025-10-15 17:02:47 +0000"
    },
    "done": true
  },
  "minecraft:recipes/building_blocks/black_concrete_powder": {
    "criteria": {
      "has_sand": "2025-10-15 17:02:47 +0000"
    },
    "done": true
  },
  "minecraft:recipes/building_blocks/purple_concrete_powder": {
    "criteria": {
      "has_sand": "2025-10-15 17:02:47 +0000"
    },
    "done": true
  },
  "minecraft:recipes/building_blocks/cyan_concrete_powder": {
    "criteria": {
      "has_sand": "2025-10-15 17:02:47 +0000"
    },
    "done": true
  },
  "minecraft:recipes/building_blocks/light_gray_concrete_powder": {
    "criteria": {
      "has_sand": "2025-10-15 17:02:47 +0000"
    },
    "done": true
  },
  "minecraft:recipes/building_blocks/pink_concrete_powder": {
    "criteria": {
      "has_sand": "2025-10-15 17:02:47 +0000"
    },
    "done": true
  },
  "minecraft:recipes/building_blocks/brown_concrete_powder": {
    "criteria": {
      "has_sand": "2025-10-15 17:02:47 +0000"
    },
    "done": true
  },
  "minecraft:recipes/building_blocks/light_blue_concrete_powder": {
    "criteria": {
      "has_sand": "2025-10-15 17:02:47 +0000"
    },
    "done": true
  },
  "minecraft:recipes/building_blocks/glass": {
    "criteria": {
      "has_smelts_to_glass": "2025-10-15 17:02:47 +0000"
    },
    "done": true
  },
  "minecraft:recipes/building_blocks/white_concrete_powder": {
    "criteria": {
      "has_sand": "2025-10-15 17:02:47 +0000"
    },
    "done": true
  },
  "minecraft:recipes/building_blocks/yellow_concrete_powder": {
    "criteria": {
      "has_sand": "2025-10-15 17:02:47 +0000"
    },
    "done": true
  },
  "minecraft:recipes/building_blocks/sandstone": {
    "criteria": {
      "has_sand": "2025-10-15 17:02:47 +0000"
    },
    "done": true
  },
  "minecraft:recipes/building_blocks/gray_concrete_powder": {
    "criteria": {
      "has_sand": "2025-10-15 17:02:47 +0000"
    },
    "done": true
  },
  "dungeons_arise:find_bandit_village": {
    "criteria": {
      "location0": "2025-10-15 17:05:33 +0000"
    },
    "done": true
  },
  "iceandfire:recipes/combat/diamond_hippogryph_armor": {
    "criteria": {
      "has_item": "2025-10-15 17:05:40 +0000"
    },
    "done": true
  },
  "irons_spellbooks:irons_spellbooks/ink_root": {
    "criteria": {
      "requirement": "2025-10-15 20:10:14 +0000"
    },
    "done": true
  },
  "supplementaries:recipes/flute": {
    "criteria": {
      "has_bamboo": "2025-10-15 20:11:36 +0000"
    },
    "done": true
  },
  "naturalist:recipes/naturalist/bug_net": {
    "criteria": {
      "has_bamboo": "2025-10-15 20:11:36 +0000"
    },
    "done": true
  },
  "supplementaries:recipes/bamboo_spikes": {
    "criteria": {
      "has_bamboo": "2025-10-15 20:11:36 +0000"
    },
    "done": true
  },
  "minecraft:recipes/misc/stick_from_bamboo_item": {
    "criteria": {
      "has_bamboo": "2025-10-15 20:11:36 +0000"
    },
    "done": true
  },
  "minecraft:recipes/building_blocks/bamboo_block": {
    "criteria": {
      "has_bamboo": "2025-10-15 20:11:36 +0000"
    },
    "done": true
  },
  "minecraft:recipes/decorations/scaffolding": {
    "criteria": {
      "has_bamboo": "2025-10-15 20:11:36 +0000"
    },
    "done": true
  },
  "bloomingnature:recipes/green_dye_from_begonie": {
    "criteria": {
      "has_begonie": "2025-10-15 20:11:44 +0000"
    },
    "done": true
  },
  "sophisticatedbackpacks:recipes/misc/iron_backpack_from_copper": {
    "criteria": {
      "has_copper_backpack": "2025-10-15 20:16:03 +0000"
    },
    "done": true
  },
  "sophisticatedbackpacks:recipes/misc/gold_backpack": {
    "criteria": {
      "has_iron_backpack": "2025-10-15 20:28:40 +0000"
    },
    "done": true
  },
  "minecraft:recipes/misc/iron_ingot_from_smelting_iron_ore": {
    "criteria": {
      "has_iron_ore": "2025-10-15 20:29:46 +0000"
    },
    "done": true
  },
  "minecraft:recipes/misc/iron_ingot_from_blasting_iron_ore": {
    "criteria": {
      "has_iron_ore": "2025-10-15 20:29:46 +0000"
    },
    "done": true
  },
  "minecraft:recipes/decorations/blast_furnace": {
    "criteria": {
      "has_smooth_stone": "2025-10-15 20:37:49 +0000"
    },
    "done": true
  },
  "minecraft:recipes/building_blocks/smooth_stone_slab": {
    "criteria": {
      "has_smooth_stone": "2025-10-15 20:37:49 +0000"
    },
    "done": true
  },
  "minecraft:recipes/building_blocks/smooth_stone_slab_from_smooth_stone_stonecutting": {
    "criteria": {
      "has_smooth_stone": "2025-10-15 20:37:49 +0000"
    },
    "done": true
  },
  "minecraft:recipes/tools/golden_axe": {
    "criteria": {
      "has_gold_ingot": "2025-10-15 20:41:58 +0000"
    },
    "done": true
  },
  "minecraft:recipes/tools/golden_pickaxe": {
    "criteria": {
      "has_gold_ingot": "2025-10-15 20:41:58 +0000"
    },
    "done": true
  },
  "l2weaponry:recipes/tools/generated/craft/gold_machete_enchanted": {
    "criteria": {
      "has_gold_ingot": "2025-10-15 20:41:58 +0000"
    },
    "done": true
  },
  "minecraft:recipes/misc/gold_nugget": {
    "criteria": {
      "has_gold_ingot": "2025-10-15 20:41:58 +0000"
    },
    "done": true
  },
  "bettertools:recipes/tools/golden_scythe": {
    "criteria": {
      "has_gold_ingot": "2025-10-15 20:41:58 +0000"
    },
    "done": true
  },
  "minecraft:recipes/tools/golden_shovel": {
    "criteria": {
      "has_gold_ingot": "2025-10-15 20:41:58 +0000"
    },
    "done": true
  },
  "minecraft:recipes/food/golden_apple": {
    "criteria": {
      "has_gold_ingot": "2025-10-15 20:41:58 +0000"
    },
    "done": true
  },
  "minecraft:recipes/combat/golden_boots": {
    "criteria": {
      "has_gold_ingot": "2025-10-15 20:41:58 +0000"
    },
    "done": true
  },
  "minecraft:recipes/combat/golden_chestplate": {
    "criteria": {
      "has_gold_ingot": "2025-10-15 20:41:58 +0000"
    },
    "done": true
  },
  "farmersdelight:recipes/combat/golden_knife": {
    "criteria": {
      "has_gold_ingot": "2025-10-15 20:41:58 +0000"
    },
    "done": true
  },
  "minecraft:recipes/redstone/light_weighted_pressure_plate": {
    "criteria": {
      "has_gold_ingot": "2025-10-15 20:41:58 +0000"
    },
    "done": true
  },
  "l2weaponry:recipes/tools/generated/craft/gold_javelin_enchanted": {
    "criteria": {
      "has_gold_ingot": "2025-10-15 20:41:58 +0000"
    },
    "done": true
  },
  "l2weaponry:recipes/tools/generated/craft/gold_dagger_enchanted": {
    "criteria": {
      "has_gold_ingot": "2025-10-15 20:41:58 +0000"
    },
    "done": true
  },
  "l2weaponry:recipes/tools/generated/craft/gold_throwing_axe_enchanted": {
    "criteria": {
      "has_gold_ingot": "2025-10-15 20:41:58 +0000"
    },
    "done": true
  },
  "minecraft:recipes/combat/golden_sword": {
    "criteria": {
      "has_gold_ingot": "2025-10-15 20:41:58 +0000"
    },
    "done": true
  },
  "l2complements:recipes/enchantments/enchantments/shinny": {
    "criteria": {
      "has_gold_ingot": "2025-10-15 20:41:58 +0000"
    },
    "done": true
  },
  "minecraft:recipes/building_blocks/gold_block": {
    "criteria": {
      "has_gold_ingot": "2025-10-15 20:41:58 +0000"
    },
    "done": true
  },
  "bettertools:recipes/tools/golden_hammer": {
    "criteria": {
      "has_gold_ingot": "2025-10-15 20:41:58 +0000"
    },
    "done": true
  },
  "l2weaponry:recipes/tools/generated/craft/gold_scythe_enchanted": {
    "criteria": {
      "has_gold_ingot": "2025-10-15 20:41:58 +0000"
    },
    "done": true
  },
  "l2weaponry:recipes/tools/generated/craft/gold_hammer_enchanted": {
    "criteria": {
      "has_gold_ingot": "2025-10-15 20:41:58 +0000"
    },
    "done": true
  },
  "supplementaries:recipes/hourglass": {
    "criteria": {
      "has_gold_ingot": "2025-10-15 20:41:58 +0000"
    },
    "done": true
  },
  "minecraft:recipes/combat/golden_helmet": {
    "criteria": {
      "has_gold_ingot": "2025-10-15 20:41:58 +0000"
    },
    "done": true
  },
  "supplementaries:recipes/gold_trapdoor": {
    "criteria": {
      "has_gold_ingot": "2025-10-15 20:41:58 +0000"
    },
    "done": true
  },
  "l2weaponry:recipes/tools/generated/craft/gold_battle_axe_enchanted": {
    "criteria": {
      "has_gold_ingot": "2025-10-15 20:41:58 +0000"
    },
    "done": true
  },
  "l2weaponry:recipes/tools/generated/craft/gold_spear_enchanted": {
    "criteria": {
      "has_gold_ingot": "2025-10-15 20:41:58 +0000"
    },
    "done": true
  },
  "l2weaponry:recipes/tools/generated/craft/gold_claw_enchanted": {
    "criteria": {
      "has_gold_ingot": "2025-10-15 20:41:58 +0000"
    },
    "done": true
  },
  "l2weaponry:recipes/tools/generated/craft/gold_round_shield_enchanted": {
    "criteria": {
      "has_gold_ingot": "2025-10-15 20:41:58 +0000"
    },
    "done": true
  },
  "l2weaponry:recipes/tools/generated/craft/gold_nunchaku_enchanted": {
    "criteria": {
      "has_gold_ingot": "2025-10-15 20:41:58 +0000"
    },
    "done": true
  },
  "l2weaponry:recipes/tools/generated/craft/gold_plate_shield_enchanted": {
    "criteria": {
      "has_gold_ingot": "2025-10-15 20:41:58 +0000"
    },
    "done": true
  },
  "minecraft:recipes/tools/golden_hoe": {
    "criteria": {
      "has_gold_ingot": "2025-10-15 20:41:58 +0000"
    },
    "done": true
  },
  "supplementaries:recipes/gold_door": {
    "criteria": {
      "has_gold_ingot": "2025-10-15 20:41:58 +0000"
    },
    "done": true
  },
  "minecraft:recipes/combat/golden_leggings": {
    "criteria": {
      "has_gold_ingot": "2025-10-15 20:41:58 +0000"
    },
    "done": true
  },
  "minecraft:recipes/building_blocks/mud_bricks": {
    "criteria": {
      "has_packed_mud": "2025-10-15 21:01:19 +0000"
    },
    "done": true
  },
  "minecraft:recipes/brewing/fermented_spider_eye": {
    "criteria": {
      "has_spider_eye": "2025-10-15 21:10:07 +0000"
    },
    "done": true
  },
  "DataVersion": 3465
}